nep4 2 Al C 
cutoff 7 4 177 42
n_max 8 8
basis_size 12 12
l_max 4 2 0
ANN 50 0
 -8.4906620e-01
 -1.6144264e-01
  1.1210762e+00
  2.0760920e+00
 -7.6258057e-01
 -1.8754425e+00
 -5.6382832e-03
  5.9674247e-03
 -7.6294446e-01
  6.0260925e-04
 -2.4264264e-03
 -6.9327578e-02
  2.2645824e-02
  2.9762101e-01
  1.3955446e-01
  5.0183707e-03
 -7.1295016e-03
  5.3315451e-03
 -5.2855029e-03
 -2.7470121e-02
 -9.6287811e-03
  4.2641435e-02
  1.2293102e-02
  5.6744945e-01
  6.3113853e-02
  3.9031461e-02
 -1.6758842e+00
 -5.9085026e-02
 -9.4526500e-01
  4.7589321e-02
  1.0418198e+00
 -1.2661725e+00
  1.0745685e-01
  1.4892793e-01
  7.6491204e-03
  1.0824399e-01
 -1.1798036e+00
  6.7256585e-02
 -4.2334488e-01
 -2.1644822e-01
  4.5271665e-02
  2.7713146e-02
 -8.4203750e-02
  7.5910337e-02
  5.6604707e-01
  1.1635870e-02
 -7.5805090e-02
 -6.9257169e-04
 -6.8193138e-02
  1.2280356e-02
 -4.4755064e-02
 -2.3620706e-02
  2.0859065e-03
 -2.4674395e-03
  8.9112312e-02
  1.4634824e-01
  1.0229816e-01
  2.2733845e-01
 -3.2389617e-01
  7.1573079e-01
  1.0419974e-02
 -2.1472631e-02
 -2.2615749e-02
 -3.7864163e-03
 -3.7835333e-03
  5.0105639e-02
 -2.3807172e-02
 -1.1066961e-02
  1.6359915e-01
  5.1662408e-02
 -1.2396947e-02
 -1.1417133e-02
 -4.0278696e-02
 -6.8874904e-03
  3.1481309e+00
 -3.3042740e-02
 -3.7335122e-03
  1.0084608e-01
 -3.7160269e-03
  4.1620176e-02
  3.5294483e-03
  3.5709497e-02
 -3.6082738e-03
  8.6786270e-02
 -2.6598917e-02
 -2.1182612e-02
  5.2796613e-02
  6.9728829e-02
  2.4677655e-03
  6.8306527e-03
  8.5984081e-02
 -4.2561688e-03
  4.1608129e-02
  4.7100605e-03
 -5.9471868e-02
  3.1049505e-03
  5.0709076e-02
  2.0914894e-02
 -2.0890450e-02
  7.4043781e-02
 -6.4391601e-03
  3.2577871e-05
  2.8756378e-02
 -6.3937739e-05
 -1.1821182e-02
  1.5006378e-02
 -1.1644512e-02
 -1.8961823e-02
  2.6385891e-01
  1.2038421e-01
 -3.2682981e-02
  8.2538331e-01
  2.3327874e-01
 -2.3736212e-01
  4.3306340e-02
 -3.4231773e-01
  4.4404414e-02
 -3.3986915e-02
  1.7584617e-03
 -1.4964884e-02
 -6.0313851e-01
 -2.4863569e-01
 -6.5776497e-02
  2.0133672e-02
 -6.4668700e-02
 -2.7750272e-01
 -1.8844981e-02
  1.4906041e-01
  2.5585236e-02
 -2.1070857e-03
  5.0572681e-01
  1.0201494e-02
  3.9995372e-02
 -1.1865513e-02
  1.8405654e-01
 -5.5532161e-02
 -9.5567453e-01
 -6.0060788e-02
 -3.1883046e-02
 -1.5156510e+00
 -1.2068371e-01
 -1.0900424e-01
 -2.5287087e+00
  4.0473962e+00
 -2.8060278e-02
  6.4506821e-02
  5.7559987e-03
  6.6010607e-03
  9.2602229e-01
 -1.4142500e-01
 -4.1780192e-03
 -3.5620804e-03
  3.0914381e-01
 -2.9158369e-02
  5.6863334e-03
 -3.6663871e-02
  1.0523786e-02
  1.3918009e-02
 -1.6879560e-02
 -2.9431949e+00
 -2.6348375e-02
  8.7627815e-03
  4.8483944e-01
 -2.2769606e+00
  1.4114046e+00
  1.7773923e+00
  3.9983353e-01
 -1.5748069e+00
  1.7127612e+00
  1.9494864e+00
 -1.9115858e+00
 -3.1205252e-01
  4.6010575e-01
  1.6520659e-02
 -3.7913418e-01
  1.8985882e-01
  1.7396182e-01
  6.3867199e-01
  2.2047482e+00
  2.4628425e-01
  1.2553735e-02
  9.8469764e-02
  6.2771759e-04
 -1.8881796e-02
  1.1945765e+00
  2.5447378e+00
  5.4053658e-01
  3.3457914e-01
 -1.5707662e+00
 -5.8472812e-01
  1.0981947e+00
  7.6179552e-01
 -5.1923108e-01
 -1.5970042e+00
  8.1836110e-01
 -9.8520845e-02
  2.9929322e-01
  7.8708637e-01
  1.1074215e+00
 -7.6923299e-01
 -5.7275605e-01
 -1.1206327e-02
 -1.7744929e-01
  1.2459512e+00
 -1.4844890e+00
  1.4785419e+00
  1.8519769e+00
  1.4586837e-02
 -1.0695659e-02
  1.1391195e-02
  4.4958431e-02
  9.6825682e-02
  1.3996325e-02
 -2.1734089e-02
  4.3396324e-02
 -2.5114672e-02
  6.5526223e-01
  8.5607904e-01
 -1.3048394e+00
 -2.3469138e+00
 -1.8495250e-01
  4.3064818e-01
 -3.9950821e+00
 -1.9379476e+00
 -2.2940817e+00
  5.7196438e-01
  6.3007578e-02
 -2.2018419e-01
 -2.2829539e-01
 -3.4020105e-01
 -1.2846962e+00
 -6.0995507e-01
 -2.1724749e-01
  1.9389963e-02
  2.9094538e-02
 -1.8475594e-02
 -4.3379404e-02
  5.4447327e-02
  9.6021779e-03
 -4.2697039e-01
 -2.5436437e-01
  1.1253368e-02
  1.4732233e-02
  7.7184036e-02
  3.9794613e-02
 -4.4728690e-01
  1.9065931e+00
 -1.2536440e+00
  1.1595704e-02
 -1.5750657e-01
 -1.2599947e-02
 -4.3909377e-01
 -4.1429380e-01
  7.4051309e-01
 -7.5761431e-01
 -4.1689190e-01
  1.8817437e-01
 -1.3208599e-01
  1.8410197e-02
 -3.8053878e-02
  7.0037730e-02
 -6.1845042e-02
 -2.7533948e-02
 -3.4196491e+00
 -3.4950033e-02
 -1.8032726e-03
 -4.6894187e-03
  1.2137408e-02
  8.7086642e-03
  7.7195428e-03
  2.9106125e-02
 -1.6429251e-02
 -6.0789600e-02
 -1.3827371e-02
 -2.8302034e-02
 -1.2340564e-01
 -1.5074305e-01
 -2.2769034e-02
 -8.4756695e-02
 -3.1611726e-02
 -1.9973163e-02
 -1.0601013e+00
 -4.1711774e-01
  1.2936709e-02
 -3.5003077e-02
 -2.7845900e-03
 -1.1693505e+00
  5.7178326e-03
  3.8500458e-02
 -2.1509717e-03
  8.5245110e-03
  2.7648758e-02
 -1.4911336e-03
  1.4690043e-02
 -3.4625228e-02
 -1.7109143e-02
  2.2803515e-02
  2.3525935e-01
 -2.1765018e-01
  6.5364530e-03
  1.7271193e-02
  7.0930179e-03
  3.0588346e-02
 -5.1217765e-04
 -1.0369880e-02
  8.1300754e-03
  7.7554160e-03
  3.1055037e-02
 -2.5726819e-02
 -5.1710788e-02
  2.8914312e-02
 -2.7400527e-02
 -3.6723107e-02
 -1.2378204e-02
 -4.1152928e-02
 -2.6884856e-02
 -6.4877845e-02
  4.6512894e-03
  2.0377446e-02
  2.1824262e-03
  1.2522811e-02
  1.2522145e-03
  6.8976264e-03
 -2.9515674e-02
 -1.5675321e-01
  4.8565939e-02
  1.4841132e-01
  4.4159061e-01
  4.7064444e-01
 -1.7854562e-02
  1.0293012e-01
  2.2418842e+00
 -5.5577908e-02
 -2.1413127e-02
 -1.9580593e-02
  2.4060605e-02
 -3.0746898e-03
  2.8393688e-03
 -1.7876707e-01
 -1.5592518e-02
 -2.6532584e-03
  2.1482308e-03
 -3.9681722e-03
  2.7920259e-03
  3.6430757e-02
 -8.4099770e-03
  4.0330328e-02
  5.9644999e-03
 -1.4166828e-03
  2.9261799e-03
 -2.9892011e-03
 -9.3085401e-02
 -3.9114323e-02
  3.6671143e-03
  5.6239641e-03
 -1.7987944e-02
  3.3619355e-02
 -4.4889405e-02
  1.3745480e-02
 -5.4647130e-01
 -2.3700208e-03
  5.3484263e-03
  1.2900015e-02
  4.9156733e-03
 -1.9667333e-02
 -2.2037618e-02
  3.5681043e-02
 -4.0856400e-03
 -1.2817447e-02
  9.0114791e-03
  4.4803377e-02
  2.5730666e-03
 -3.4935672e-02
  3.3412922e-02
  1.8296033e-03
 -2.5444878e-03
  5.7427124e-03
 -3.9592527e-02
 -4.5849733e-02
 -4.8288488e-01
  8.6039901e-01
 -2.9181767e-01
  2.5056260e+00
  2.9099960e-02
  2.2920154e-01
  1.0003636e+00
  2.0961799e-01
  3.4588752e+00
 -1.9486694e-02
 -6.0114879e-03
  1.6307734e-01
  4.5394632e-03
  1.3392736e-02
  1.0580023e-01
  4.0841106e-04
 -3.2922193e-02
  4.9882691e-04
 -1.4307353e-01
  1.5765065e-02
 -2.4176760e-02
  2.4372271e-04
 -1.0729676e-02
  7.3425487e-02
 -3.0640454e-03
  9.2601730e-03
 -1.1452000e-02
 -4.7319937e-03
  1.9037667e-01
  3.8338542e-02
 -6.7574352e-02
  1.4330028e-01
  1.2413125e-02
  1.0965729e-02
 -1.3271575e-04
  4.9482760e-01
  1.3612480e-03
 -4.5475955e-03
  5.3373143e-02
  2.3094803e-02
  1.3094792e-01
 -1.0740083e-02
  2.1391734e-02
 -3.5193190e-02
  3.2555722e-03
 -4.6859626e-02
  3.6734913e-02
 -6.9762166e-03
 -1.5628498e-02
  4.7302182e-04
  1.4362041e-02
  9.1155037e-02
 -7.5134169e-03
  1.2020206e+00
 -1.4215961e-01
  1.3615346e+00
 -1.0833790e+00
 -8.5399163e-01
  1.8546685e+00
  1.2245576e+00
  9.1605967e-01
 -8.9944506e-01
 -8.2607782e-03
  1.1449824e-02
  1.3292424e-02
  1.0839388e-02
  7.5812684e-03
 -3.0928800e-01
  6.8072744e-02
 -9.5373094e-03
 -1.1604744e-02
 -6.5249777e-03
  3.0767899e-02
  4.7504958e-03
  8.1977167e-04
  4.6006668e-02
  1.6826075e-01
  9.7760193e-02
 -1.7559733e-03
  3.8607124e-02
 -1.3286889e-01
 -1.4996703e-02
  2.0233731e-01
  7.7645388e-03
 -1.1302951e-03
  2.7658638e-01
  1.9630878e+00
  1.3077002e-02
  7.7851698e-02
  1.9503997e-01
 -6.0047299e-02
 -4.4345383e-02
 -6.8065777e-02
  7.5716609e-03
  2.1980784e-03
  5.3914348e-05
 -4.0341803e-01
 -9.1133853e-03
  1.1094837e+00
  5.2756402e-03
  2.2759693e-02
 -1.1034919e-02
 -8.8389674e-03
  1.9667460e-01
 -1.4304909e-02
 -3.6445256e-02
 -2.8779928e-02
 -1.6435081e-01
  1.1755975e+00
 -1.0126034e+00
  8.7219977e-01
 -1.7925192e+00
 -3.0875876e+00
 -6.2020981e-01
  1.4017075e+00
  1.8819667e+00
 -2.0239152e-01
 -3.6240652e-01
 -2.7667942e-02
  3.2111529e-01
 -2.3920774e-01
 -1.3696383e-01
 -7.8433913e-01
 -7.2783038e-02
  2.2859020e-02
  8.2770862e-02
 -8.2142735e-03
  9.5754926e-04
  1.2302794e+00
  7.3206448e-03
 -2.6730075e-01
 -4.5322250e-03
 -1.0367349e-01
 -5.6410003e-03
  5.2288413e-01
 -5.3164370e-02
 -3.2480365e-01
  2.9623086e-02
  1.0489582e+00
 -3.2683459e-01
 -3.4848994e-01
 -1.2220996e-03
  8.6754161e-01
 -7.1379465e-01
 -4.6520898e-01
 -1.7452984e+00
  1.4384789e+00
  1.7884168e-01
  4.6723619e-02
 -2.8986931e-01
 -5.1683458e-03
 -5.0449967e-01
  2.2240691e-02
  8.1650792e-03
  1.7158390e-03
 -4.2835730e-03
  3.8893871e-02
  1.3703714e-02
  5.7379007e-03
  9.6311010e-03
 -3.3184041e-03
 -6.2101239e-01
 -2.1472182e+00
  3.3453774e-01
 -9.2929500e-01
 -1.3238919e+00
 -1.7334038e+00
  3.2644939e-01
  9.8017223e-02
 -6.6305184e-01
 -6.4990866e-01
 -1.6507173e-02
  2.5858420e-01
 -1.1090989e+00
 -1.4508076e-01
 -1.1187504e-01
  1.3574620e-01
 -6.2070554e-01
  4.7215936e-01
  3.3499101e-01
  6.3056344e-01
 -3.6178414e-02
  9.6932298e-01
  6.3714308e-01
 -1.0212561e+00
  1.6768835e-02
 -2.8166175e-01
  1.7691156e-01
 -2.9648718e-01
  3.4389647e-03
  5.7279587e-02
  7.4098915e-01
  4.5952585e-01
 -7.8705263e-01
 -4.2733338e-02
 -1.0903465e-01
 -2.0151849e+00
 -6.1304469e-02
 -6.2720381e-02
  3.2472169e-01
  1.8565527e+00
 -1.1688190e+00
 -9.1138387e-01
 -2.3903461e-01
 -1.0225526e-01
 -1.0248730e+00
  8.4063926e-05
 -4.2616807e-02
  2.6512433e-02
  7.0751077e-03
  9.2068650e-02
 -1.2217992e-02
 -4.1316482e-04
  1.7694350e-03
 -8.9434645e-04
  3.3778325e-01
 -2.6987507e+00
 -1.7588536e+00
  6.9602567e-01
 -9.0302698e-02
 -1.0593858e+00
  8.1074870e-01
 -1.5299107e+00
 -7.5150329e-01
  6.9766945e-01
  4.1297549e-01
 -3.4045297e-01
 -9.5441669e-01
 -1.5052103e-01
 -8.5843027e-01
 -1.7288629e-03
 -7.2561181e-01
 -1.2328614e-02
  1.2986731e-02
  1.1192772e-01
  2.0473559e-01
  6.4793199e-02
  1.1569691e-01
 -1.3938521e+00
 -2.1645114e-02
 -8.3867210e-01
  3.7598026e-01
  1.2096802e+00
  8.9122784e-01
  4.8301989e-01
  2.9853112e-01
  6.9036388e-01
  9.7616833e-01
 -1.8550965e-01
 -3.6398638e-02
 -1.7341757e-01
  1.2618228e+00
 -1.9252555e+00
 -4.1231865e-01
  3.1860769e-02
 -6.3972294e-01
 -7.9553016e-02
  2.4679311e-02
 -6.1835086e-01
  9.1371739e-01
 -1.7072371e-01
 -1.1962133e-02
  9.4075531e-02
 -1.8768331e-02
  1.4487046e-02
 -2.3594787e-02
  6.7900680e-02
  4.9519613e-03
  8.7476499e-02
 -2.2818160e-03
 -6.8648090e-03
 -1.0196675e-01
 -1.9610504e-02
 -3.1125176e-01
 -4.4079002e-02
  7.4872829e-04
 -1.9253010e-01
  9.0490002e-03
 -1.9049257e-02
  5.2050026e-03
 -8.1249379e-02
 -4.2888317e-02
 -1.4871788e-02
 -2.2564186e-02
 -2.8426111e-02
  1.1342835e-02
  3.4795176e-02
  7.3258565e-03
  1.7168922e-03
 -3.4298089e-03
 -3.3859529e-02
  3.3047225e-02
 -7.7596754e-03
 -9.7742379e-01
 -4.3996305e+00
  2.8341336e-02
  2.5932362e-02
 -1.6273107e-02
  2.7134316e-03
  4.8611458e-02
 -2.3921963e-03
 -6.8634446e-04
  2.3119243e-02
  4.4405130e-03
 -1.2583482e-02
 -2.6384385e-02
  4.8540523e-03
 -1.6402410e-02
  2.2801319e-02
  7.4661244e-03
 -4.1987682e-03
 -1.6166564e-02
  1.5190066e-02
  4.3436121e-03
 -1.1504214e-03
  3.1482100e-02
  4.4739392e-02
 -2.8339472e-02
 -6.5383993e-02
  1.7374638e-02
 -5.6432761e-02
  2.0156126e-02
 -8.9970920e-03
  4.4434488e-01
  4.1979089e-01
 -3.8044753e+00
 -1.3705187e-01
 -7.8288913e-01
  5.0210929e-01
 -1.6100076e+00
 -1.6863872e-01
 -7.8440434e-01
  4.9834497e-02
  2.5630372e-03
 -3.7323799e-02
 -6.6290116e-03
  1.1379158e-01
  2.7766412e-01
  4.4362903e-02
  3.5731141e-02
 -1.2064942e-02
  4.9016491e-02
 -1.4582838e-01
 -4.6862457e-02
 -2.2757897e-01
  2.2773370e-02
  3.6479361e-02
  1.2799306e-02
  2.5279675e-02
 -8.4249310e-02
 -2.8823388e-01
 -5.4924142e-01
  4.7976352e-02
 -1.9006151e-01
 -3.5539828e-03
  5.8679305e-02
  2.4531286e-02
  1.9310046e-02
  7.9246201e-03
  7.7131591e-03
  1.9280931e-01
  4.8495570e-01
 -6.3860916e-02
 -7.5938380e-03
  5.6305401e-02
  1.9589849e-02
 -1.2153849e-01
  8.0920756e-02
  1.4813186e-02
 -6.7782425e-03
  1.3681277e-04
 -2.4594732e-02
  1.0851702e-02
  2.0689532e-02
  1.0477584e-02
  1.2250331e-02
  1.4952898e-02
  2.3596244e-02
  2.0447521e-02
 -2.1542276e-01
 -8.5065365e-02
  2.5201198e-02
 -4.1770983e-01
  1.9533036e-02
 -6.3172691e-03
  5.6851618e-03
  4.4283313e-03
  2.3245655e-03
  2.5611840e-02
  1.1520977e-02
  7.6364417e-04
 -1.8388575e-02
 -3.0671369e-02
  7.7781826e-03
  2.8524408e-03
 -2.4162227e-02
 -3.3576660e-02
 -9.2129223e-02
  5.8655363e-02
 -6.3603180e-03
 -1.6916901e-02
 -6.2458991e-04
 -1.1584461e-02
  3.1883229e-02
  4.2653553e-02
 -1.5313116e-02
 -9.0312148e-03
  1.2369544e-02
 -1.8401677e-02
 -4.6593472e-03
 -1.0922487e-02
 -5.4477807e-02
  9.4658192e-03
 -3.5604347e-02
 -1.1826688e-02
  3.1141865e-03
  2.1134874e-02
 -3.2531716e-02
 -4.3750820e-03
 -3.6717700e-03
 -1.1930767e-02
 -5.7486631e-04
  3.0565385e-02
  9.9031413e-01
  3.4773976e-02
  2.3257732e-03
  5.1155727e-02
  1.6414316e-02
  6.0696136e-03
 -4.3063937e-03
 -1.0198195e-02
  9.4028236e-03
 -5.3705007e-02
 -1.4452434e-01
 -7.7412093e-01
  9.6442223e-02
  1.2652540e+00
  1.9110190e+00
  4.4236171e-01
 -1.5225171e+00
  1.0616561e-02
 -1.7511015e+00
 -9.9133737e-03
  3.3854857e-02
 -3.3954408e-02
  1.4554645e-02
  5.6220405e-02
  5.8819978e-03
 -1.8790812e-03
 -1.9127695e-02
  2.4434175e-02
  1.5061797e-02
 -1.6613774e-02
  5.8958135e-03
  4.9600165e-02
  1.2810987e-02
  1.6468171e-02
  1.4838709e-01
 -4.7701482e-02
 -2.4538752e-02
  4.4453444e-04
  2.6946085e-02
 -3.1320627e-03
  1.8915961e-02
  1.8372601e-02
 -3.6604781e-02
  5.4563317e-03
  5.4736301e-02
  2.8979382e-01
 -4.0992431e-02
 -3.3908531e-01
 -3.4799971e-02
  1.0248642e-02
 -7.6507605e-03
  1.5748138e-02
 -7.2177619e-01
  4.3466587e-02
 -2.7853763e-02
  2.1404466e-03
 -5.5084736e-03
  1.6449800e-02
  2.9883478e-03
 -3.3014428e-02
 -1.0598420e-01
  7.8983065e-03
  8.2812749e-02
 -1.0290974e+00
 -1.5173417e+00
  5.8473575e-01
  5.4655451e-01
  6.7208767e-01
  5.9626389e-01
  2.4397523e+00
 -8.6309290e-01
  7.7768964e-01
 -1.0232524e+00
 -1.8263108e+00
 -1.5549611e+00
  1.1628165e+00
  4.6397385e-01
 -1.0816962e+00
  5.8305371e-01
  3.1465074e-01
  3.8093084e-01
  4.5120707e-01
 -3.9518532e-01
 -1.8097961e-02
  3.9563473e-02
  6.4788342e-01
 -5.8247624e-03
  2.4128170e-01
  8.2267165e-01
 -6.5174383e-01
  1.5047692e+00
 -1.1243889e-01
  1.2075940e+00
  1.2164274e+00
  7.6125979e-01
  9.4841182e-02
  2.0026244e-02
 -1.0758762e-01
 -1.0476561e-01
 -6.1055091e-03
  1.6431081e-01
  1.2943741e+00
 -9.9286777e-01
  4.7972828e-01
 -4.7438326e-01
  1.1165522e-01
  1.2430742e+00
  1.4720340e-02
 -4.2708613e-02
 -3.1080160e-02
  4.0711198e-02
  1.7538974e-02
 -2.8142011e-02
 -7.3134871e-03
 -2.0891793e-02
  5.1826186e-02
  5.7622623e-01
 -5.6741095e-01
 -1.0559036e+00
 -4.5318806e-01
 -9.3767905e-01
 -4.2808947e-01
  3.1198339e+00
  1.3627214e+00
 -2.3553152e+00
 -3.3485439e-02
  4.3628293e-01
  6.7159198e-02
 -1.6593127e-01
  3.5007629e-01
  4.8902154e-01
  3.4322375e-01
  1.3381945e-03
 -8.6114928e-02
 -3.6215204e-01
 -1.2951480e-02
 -1.4296148e-03
 -5.3997594e-01
 -2.4705447e-02
  3.4495753e-01
  4.0365361e-02
  1.6005599e-01
 -1.0829816e-02
  2.3377942e-02
 -3.2310855e-01
  7.6172337e-02
 -1.1896158e+00
 -5.7468480e-01
  2.2964257e-01
  4.5373801e-02
  5.2320201e-02
  6.6880912e-01
  4.0731770e-01
  6.6937852e-01
  3.0114132e-01
 -3.1926069e-01
 -2.3606583e-02
  1.7286890e+00
  1.5521331e-02
 -3.4478996e-02
  4.4701749e-01
 -1.3266951e-03
 -1.3930782e-02
  4.6079263e-02
 -1.0448383e-03
 -2.8101399e-03
  7.3616356e-02
  7.2490931e-03
  3.1380706e-02
 -1.2818718e-02
 -1.2684571e+00
  5.3079426e-03
  4.1969344e-01
  1.2386226e-02
 -1.6173734e-01
 -2.7357081e-01
  9.6416175e-02
  8.2535636e-01
  1.8745585e-01
 -2.4163842e-03
  7.1275164e-03
  3.3609156e-02
 -9.9500557e-03
  8.1756629e-02
  1.3191675e-02
  1.2794645e-02
  7.4971855e-02
  1.4279050e-02
 -2.4343999e-03
  7.5918380e-03
  1.8621931e-02
  2.1866736e-05
 -2.9710175e-02
  6.1769001e-02
 -2.4137123e-02
 -7.5030038e-03
  2.5353047e-01
 -4.5030388e-01
 -5.3187046e-02
  2.9074177e-02
 -1.7993001e-03
  2.2188979e-01
  6.6450629e-03
  2.4080677e-02
  9.7131031e-03
 -6.6513256e-03
  9.1152854e-02
  3.9881104e-01
  2.7867023e-02
  1.0690786e-01
  1.9794901e-01
 -3.7396494e-02
  1.7621612e-02
  1.4351632e-02
 -1.8542616e-02
  1.6885648e-02
  9.5178680e-03
 -5.1434144e-02
  4.0822481e-03
 -2.1578092e-02
  6.8226583e-02
 -4.3007913e-03
  1.8958531e-02
 -1.4204788e-02
  1.1556700e+00
 -1.5600500e+00
  1.8794453e+00
  7.6612577e-02
  5.1603770e-01
  6.2018478e-01
  8.6379015e-01
  1.4800773e+00
 -1.8057190e-01
 -1.0377767e-02
  2.6487797e-01
 -6.2024093e-01
  2.1531408e-01
  1.9955249e-01
 -2.8502652e-01
  4.3242671e-02
  1.5944928e-01
 -1.9067980e+00
 -1.0148161e-01
 -3.6361976e+00
  7.4759173e-01
 -9.1053109e-04
 -3.0302542e-01
  6.7789662e-01
  1.0924169e+00
  3.1352344e-01
 -1.0417569e-01
  1.7488755e+00
  6.6150397e-01
  6.6555992e-02
  7.1572667e-01
 -7.2658372e-01
 -2.1264458e-01
  7.2712481e-01
 -5.1292133e-02
 -1.0825568e+00
 -1.0805793e+00
 -1.7222312e-01
  1.7866335e+00
  2.5206664e+00
 -6.8569297e-01
 -4.3891570e-01
 -6.9177520e-01
  3.2105190e-01
 -1.4225203e+00
  2.5940370e-02
 -2.7568972e-02
 -2.5362510e-03
 -2.2158058e-02
  2.6673278e-01
  3.2515827e-01
  5.0511616e-03
 -2.4242053e-02
 -1.1105718e-01
  2.0030421e-01
 -4.4531487e-03
  2.1404593e+00
  1.4853187e-01
 -7.7929932e-01
  5.2190006e-01
 -6.9886865e-03
  2.8561639e-02
  1.4003403e+00
  2.3750592e-02
 -1.0718115e-02
  8.5578015e-04
  1.8483270e-02
 -3.7412590e-03
  2.0084091e-02
 -3.1748603e-03
  4.5917891e-03
  4.0914808e-04
 -3.9871721e-04
 -3.3080675e-02
  9.9518336e-03
 -2.9336177e-02
 -9.2038483e-04
  2.1406701e-02
  3.7257887e-02
  1.1395876e-02
 -1.1368477e-02
 -6.2710829e-03
 -1.5706474e-02
  7.2353557e-03
 -6.1866507e-02
  4.0162019e-02
 -1.8227175e-02
 -3.6681183e-02
  7.4517387e-03
  2.1187454e-03
  5.5853431e-03
 -5.0312974e-03
  1.4251729e-02
 -1.1946402e-03
 -2.4395859e-02
 -3.6307402e-02
  1.1299369e+00
 -1.3370262e-02
  2.3814622e-02
 -1.0050401e-02
 -5.5647022e-03
  2.2823546e-02
 -2.8339528e-02
 -7.0063621e-02
 -4.6404600e-02
 -3.1802051e-02
  1.2240701e-02
  6.1038535e-02
 -4.5342341e-01
  9.7097921e-01
 -1.3622622e+00
  1.6091437e+00
 -2.5500157e+00
 -4.0741631e-01
 -2.1682870e+00
 -1.7302383e-01
 -1.7952552e+00
  1.1641638e-01
  7.4814535e-03
 -2.0110956e-01
  8.6964972e-02
 -1.2990952e-02
  4.0304702e-02
 -9.7167641e-02
  2.9519016e-02
  8.3707906e-02
 -2.5284159e+00
  2.3411669e-02
 -1.2963379e-03
 -1.5187362e-03
 -6.4539745e-02
 -1.9380333e-01
 -7.3213391e-03
 -4.9134381e-02
 -9.9131884e-04
 -1.5755877e-02
  7.6792580e-01
 -7.8911334e-02
  6.4118594e-01
 -7.7804960e-03
 -4.7725624e-01
 -6.2233441e-02
 -1.4815716e-02
 -2.1101128e-01
 -5.0312352e-01
 -1.4129671e-01
  8.1270415e-01
 -5.2392287e-03
 -3.9097846e-02
 -1.0809039e+00
  1.5380004e-01
  3.0900134e-02
  3.3770807e-03
 -1.9803945e-02
 -1.4567331e-02
  9.9486345e-03
  1.9150654e-02
  2.0197281e-03
 -7.1538061e-02
  1.8315002e-02
 -7.5299600e-03
 -2.0524539e-02
 -2.2213100e-03
  7.8575894e-02
  3.5532102e-01
 -1.9772165e-01
 -6.6013837e-01
  1.9571389e-01
  3.9657772e-01
 -1.3582583e-02
 -1.5545554e-03
  3.7163711e-01
  2.5113815e-02
 -1.2187301e-02
  4.3952982e-03
  1.3556776e-02
  9.3186036e-02
  4.2799311e-03
  7.4410163e-02
 -1.0881846e-02
 -6.1209328e-02
  1.8046500e-02
 -2.4121588e-02
 -1.5135075e-01
 -1.5755869e-02
  6.5749191e-02
 -1.0226823e-03
 -1.8266952e-02
 -1.9131482e-02
 -2.8101727e-01
 -5.4553305e-03
  2.6800072e-02
 -2.8351748e-01
  4.3802130e-01
  3.4748325e-03
 -4.0054126e-03
  2.4422251e-02
  5.3709496e-02
 -1.2450415e-01
  4.9442116e-02
  2.2975562e-02
  1.2445486e-01
 -6.4824014e-03
  9.2076417e-04
  5.3831164e-02
  3.1293761e-02
 -2.5289128e-02
  3.4603623e-03
  5.0227796e-03
  7.9599787e-03
  1.9109640e-02
 -9.4917817e-03
 -2.2631120e-03
 -3.4956440e-02
 -9.9149188e-03
  4.5780521e-02
  6.2990308e-02
  1.4511126e-01
  7.7363539e-01
 -1.6714337e+00
 -3.3789563e-01
  6.2534988e-01
 -8.3723642e-02
 -1.2446998e+00
 -1.3990942e-01
  5.3881750e-02
  7.6397862e-03
 -1.8518547e-02
  6.1274011e-02
 -1.0724624e-02
  3.7877429e-02
  5.1862348e-02
  5.8861810e-01
 -9.0845401e-04
  3.3496425e-03
 -2.7932003e-02
 -9.0763710e-02
 -5.4605310e-03
 -2.8463963e-02
 -4.0296663e-02
  2.6676767e-02
 -1.2590949e-02
  1.5265275e-03
  1.3036132e-02
  2.6465658e-02
 -4.0763307e-01
 -4.2642391e-04
  2.3343347e-03
 -1.0830854e+00
 -1.4793672e-02
  2.9528176e-02
 -4.3939359e-02
  5.5695127e-04
 -2.0411609e-01
  9.5975986e-03
  5.9143160e-03
  6.0353193e-02
  1.2126551e+00
  4.5009255e-02
  3.3245321e-02
  1.3306066e-02
 -3.5865609e-02
 -2.2274065e-03
 -2.3956466e-02
 -1.8807147e-01
  9.8779025e-03
 -1.5818246e-03
 -2.7350990e-02
  9.7383577e-03
  5.7914024e-03
 -2.3415336e-01
 -2.6409879e+00
 -3.5203469e+00
 -3.6209040e+00
 -5.1034188e-01
 -2.4027145e-01
 -1.6351334e+00
 -1.4103084e+00
 -2.4209228e+00
  2.1589087e-01
  5.0531074e-02
 -9.4349468e-01
  4.3250513e-01
 -7.6684332e-01
 -1.0893086e-01
 -9.8451599e-03
 -2.3430657e-02
 -3.4615290e-04
  5.5772057e-03
  1.5298060e-01
  9.8294467e-03
  5.2683812e-02
 -2.4593266e-02
 -1.9396029e-01
  9.3655856e-03
 -1.5459312e-02
  6.1885916e-02
 -9.4160426e-01
  1.1657591e+00
 -9.1806307e-02
 -7.9453200e-01
  1.6690303e+00
 -2.2659571e+00
 -4.1054404e-01
 -1.0180448e-01
  1.5414092e-01
  8.2598217e-02
 -7.5769775e-02
  1.3285269e-01
 -1.4851365e+00
  2.0092249e+00
 -2.0080082e+00
  8.1829590e-01
 -5.8461209e-03
  1.7483649e+00
 -1.6065633e-02
  2.4559885e-02
 -5.1777489e-03
  2.6981948e-02
  3.8825115e-03
 -4.0448006e-02
  1.5148069e-01
 -9.3833025e-04
  8.5309437e-03
  3.9060835e-02
  6.5129834e-01
 -4.3594277e-01
 -1.6808804e+00
 -1.3872860e-01
 -6.8379700e-02
 -3.6460784e-01
  3.3149391e-02
 -9.2867279e-01
  1.0757246e-02
  7.0219100e-02
  2.6700938e-01
 -2.4416298e-01
 -2.9218972e-03
  3.0813622e-01
  3.7836257e-02
 -6.3352019e-02
 -1.7973698e+00
 -7.8470428e-03
 -1.8128512e-02
 -2.2824971e-01
 -6.4960383e-02
  1.4628126e-02
 -4.8468834e-01
 -5.2385330e-02
  7.0824352e-04
  1.2873337e-02
 -1.3096667e-02
  1.6512524e-01
  8.7533242e-01
  1.8837807e+00
  2.7868106e+00
  2.9315799e-01
  4.5911312e-01
  4.9432240e-02
  8.2536459e-02
  6.0281736e-01
  4.4065136e-02
 -2.4039546e-01
 -1.9425457e-02
 -2.7160704e-01
 -1.1212052e-01
 -6.8813618e-03
 -1.1017677e-01
  1.7022854e-03
  9.4542310e-02
 -8.8529782e-03
  1.9607102e-03
  3.5959565e-05
  2.9277554e-02
  1.7100680e-03
 -8.1260456e-03
  5.5448316e-02
 -1.6588317e-02
  4.5584548e-02
 -1.0060150e-02
  1.0148672e+00
 -4.1802391e-02
 -1.6291124e-01
  3.1849188e-01
  3.6006758e-04
  5.9864223e-02
 -5.5511230e-01
 -9.1569120e-01
  4.2550368e-03
 -5.8041349e-02
 -4.9606487e-01
 -2.2277263e-01
 -2.9320884e-03
  6.8432711e-02
  4.8964165e-02
 -9.1474364e-03
 -1.5833269e-01
  1.5103533e-02
 -5.1288228e-02
 -1.1710396e-01
 -9.0055522e-03
 -9.3439110e-03
  1.0794606e-01
  1.7410010e-01
  3.5046202e-03
  1.6325617e-01
 -9.0496555e-02
 -2.0127939e-03
 -9.2280107e-03
  2.1334904e-01
 -2.0144472e-02
 -8.1843240e-03
  8.6121202e-02
  2.9719593e-03
 -3.2751742e-01
 -9.1957055e-02
  1.5791427e-02
 -1.4103799e+00
 -3.8866854e-01
 -3.7929323e-03
 -2.7610993e-02
 -8.5146283e-04
 -8.6257285e-01
 -1.4193404e-02
  8.3520636e-03
 -2.7462883e-02
 -2.3348264e-02
 -2.9166799e-02
 -2.9776793e-02
 -5.5288570e-03
  5.3937159e-02
  4.4584842e-03
  1.5336342e-01
 -3.5417235e+00
  7.3636621e-01
 -2.0384791e+00
 -9.9897456e-01
  1.4210825e+00
  1.2810228e+00
  3.1233460e-03
 -7.6422173e-01
  2.5877988e-01
 -2.9436034e-01
  6.6572380e-01
 -5.1384758e-02
 -2.0259435e-01
 -4.9355951e-01
 -1.1015878e-01
  1.1795075e-01
  9.7560287e-03
  2.8239157e-02
  6.9741118e-01
  1.1400292e+00
  1.9231656e-01
 -4.2429198e-02
  6.9468725e-01
  8.9444101e-01
  4.1132914e-03
  7.9414159e-02
  9.2641342e-01
  3.2645112e-01
  1.9673772e-02
  5.8221084e-01
  8.4095320e-04
  1.1763349e-02
 -2.0456365e-04
  1.5083642e-02
  4.9231440e-01
  2.6270315e-01
 -1.9200392e-01
 -9.4312400e-01
  5.3051386e-02
  2.1797320e-01
 -1.6127745e-02
  3.7354916e-02
  3.6895651e-01
 -8.9544070e-01
 -2.8028371e-02
 -3.1810742e-02
 -3.8540460e-02
  6.0315430e-03
  1.8233165e-02
  1.1942232e-01
 -6.5948963e-02
  3.9590284e-02
 -1.0414162e-02
  3.8550611e+00
 -7.9420918e-01
  5.9434181e-01
 -1.3114499e+00
 -3.0975437e-01
 -4.2966491e-01
 -9.4006830e-01
 -1.2770516e-01
 -1.1056035e+00
 -3.7823166e-03
  4.2173429e-03
  1.6277738e-01
  7.4779741e-02
 -2.7859971e-02
  4.2180152e-05
 -3.1939540e-02
  3.7381080e-01
  2.4685557e-01
  5.0840857e-03
  3.1457156e-02
  9.9280197e-04
  3.0642053e-01
  1.3645443e-01
 -7.3736627e-03
 -9.2195710e-03
 -2.2576608e-02
  1.8235226e-01
  2.1390798e-02
  4.1241089e-01
  2.6583502e-01
  5.4595798e-01
  1.6332243e-01
 -8.7985527e-03
  2.9311152e-03
 -2.0483248e-02
  9.4531715e-02
  4.8146352e-02
  1.2193364e-02
  3.2974336e-02
  5.2416164e-02
  1.3567184e-01
  6.8822028e-03
 -1.0657285e-02
 -1.6726237e-02
  2.5713919e-02
 -3.7374444e-02
  1.2036679e-02
  1.9723216e-01
 -3.3291873e-02
 -1.8484737e-03
  1.1704411e-02
  5.0424170e-02
 -6.1935466e-04
  2.5364123e-03
 -1.6997284e+00
 -2.3668499e+00
  1.0612983e+00
 -5.9053075e-01
 -3.4082276e-01
 -1.4853717e-01
  7.4270207e-01
  1.2743753e-01
  1.6013343e+00
  9.8264674e-03
 -1.6890548e-01
  2.7703722e+00
 -3.7458837e-01
 -9.4024211e-02
  1.8212467e-01
  8.6556834e-01
  4.2950669e-03
 -6.0736525e-01
 -1.8216252e-01
  2.8066255e-02
  1.7504402e+00
 -8.8414159e-03
 -5.8339439e-02
  1.3723922e-01
  1.5437077e+00
  1.1649314e-01
  5.8836892e-02
  1.3101241e-02
 -6.0228723e-01
  4.9407321e-01
 -2.6938206e-01
 -1.0058270e+00
  7.3091406e-01
  2.9827383e-01
 -6.4598606e-03
 -7.4781704e-01
 -2.1109243e-01
  1.8899156e+00
  3.2718826e-02
 -2.3604871e-01
 -1.1131749e+00
  9.3282713e-03
  1.3072739e+00
  3.7706825e-01
 -2.8806716e-01
 -3.4500547e-02
  7.0685267e-02
 -6.9933787e-02
  9.9619164e-04
 -2.3300210e-02
  6.1095655e-03
 -2.8239777e-02
  1.1367359e-02
 -5.6108359e-02
  2.0689697e+00
  1.5127669e-01
  3.4035480e-01
  2.5526478e+00
  2.4129245e+00
  2.0669737e+00
  9.6917176e-01
  6.6066766e-01
  1.0506135e+00
  1.3983950e-02
  8.3751623e-03
 -4.2285031e-01
 -6.6014845e-03
 -3.2044446e-01
 -5.9789634e-01
  2.3661868e-03
  1.7314889e-02
 -1.2274712e-02
  8.8378489e-02
 -9.7971797e-01
 -3.1215000e-01
  2.9648065e-03
  1.0224334e-02
 -1.3870849e-01
 -2.1107152e-01
 -2.3499975e-04
  3.3659875e-02
 -5.0456613e-02
 -4.0996101e-02
 -3.1419927e-01
 -2.7321180e-04
  2.8144615e-03
 -1.2705491e-01
 -1.5314224e-02
 -1.5066065e-02
 -2.7647817e-01
 -2.5696936e-01
 -2.5735566e-01
  3.1540476e-02
  4.6726626e-01
  3.9217461e-02
 -5.7920170e-01
  2.0718411e-01
 -1.3611714e-02
  9.7555387e-01
 -4.0492099e-02
  1.3435516e-02
 -2.7394597e-03
  2.8845624e-04
 -9.4353529e-03
 -2.0964272e-02
 -7.9394793e-03
 -2.6711761e-03
  2.3552982e-02
  1.0625734e+00
  1.5240192e-02
  2.9163923e+00
 -4.1615176e-01
 -1.5883027e+00
  1.2883890e-02
 -1.9891189e-01
  1.7500587e-01
  2.2421442e-03
 -1.1897311e-02
 -7.6110577e-03
  1.6688103e-02
  9.9640071e-02
  1.3734444e-02
  1.0521920e-02
 -2.4999006e-02
  6.4361626e-03
  3.1735301e-03
 -5.5155471e-02
 -6.3473564e-03
  2.1971483e-03
 -2.6192153e-02
  6.5080427e-02
  5.9963521e-03
 -2.4968397e-03
  1.9356040e-02
 -2.1946164e-02
 -1.0673876e+00
 -5.8860523e-03
 -2.7018860e-03
  2.2110483e-02
  1.3395185e-02
  7.9089575e-02
 -9.6495245e-03
  1.4818308e-01
  4.0814411e-02
  2.3515752e-02
 -1.0591728e-02
  1.2766266e-02
 -1.1517666e-01
 -8.4373496e-02
  1.9665597e-02
 -1.8884728e-02
 -2.9662086e-03
 -4.3111149e-02
  1.4146782e-02
 -7.0851608e-03
  3.6917299e-02
 -9.3065865e-02
  1.3478548e-02
 -2.3859562e-02
 -5.6198437e-02
  9.4020655e-03
  1.7139265e-02
  1.0438902e-02
 -1.0126377e-02
 -9.7701875e-03
  4.2242929e-02
 -7.5191739e-03
 -4.2282384e-02
 -1.4439025e-02
  7.8166677e-03
  1.0836268e-03
  4.1660843e-03
 -3.3522721e-02
  1.7389038e-03
 -1.2357832e-02
  8.6917952e-03
 -3.1750347e-02
 -6.3868174e-03
  9.5082987e-03
 -1.3768496e-02
 -2.9005533e-02
 -5.8536563e-02
  2.7801899e-02
 -5.0090323e-03
  3.9528653e-02
 -1.6043048e-02
  1.5888810e-02
  4.8798001e-03
  4.1817217e-03
 -3.8910605e-02
 -8.8538404e-04
 -8.6059989e-03
 -2.2773293e-03
  2.9462950e-02
 -1.3630282e-02
  4.6650749e-03
  4.1554656e-02
 -2.8234515e-02
 -2.6299527e-02
  6.9509228e-03
  1.2602822e-01
 -4.8535308e-03
 -1.1999658e-02
  1.4629512e-04
 -1.0554793e-02
 -6.3325673e-02
 -9.0714796e-03
 -1.6210128e-02
 -9.7947875e-03
  3.7298878e-03
  5.1611464e-04
 -3.2268967e-03
  7.8264493e-03
  6.5352167e-03
 -5.1576658e-03
  2.0754940e-03
 -2.5367619e-02
  8.1008524e-03
 -2.4285249e-02
  3.9442070e-02
 -4.0154934e-02
 -9.6661663e-01
  9.7340485e-03
  5.3759515e-02
 -5.6309514e-03
  3.5032230e-05
 -6.2697032e-04
  6.2969620e-03
 -9.3593057e-03
 -1.0290900e-02
  1.6785778e-02
 -1.5048753e-02
  3.1893153e-02
 -4.4733375e-02
 -3.3426628e-02
  1.3980702e-03
  9.4338041e-03
 -1.5063033e-02
 -5.2201920e-03
  1.2619996e-02
 -1.4079106e-02
  4.4513345e-03
  1.7040616e-02
  2.4200999e-03
  2.8295193e-02
  1.3184957e-02
  8.1754001e-03
 -8.0015920e-03
  8.1541780e-03
 -1.3959161e-02
 -9.4445152e-03
 -3.1375254e-03
  2.9399555e-02
 -2.7541600e-02
 -5.1500485e-04
 -5.6531902e-02
 -4.2015428e-04
 -1.4774119e-02
 -1.1787768e-02
  7.4155629e-02
  2.6757599e-04
 -5.0758193e-03
 -5.6558892e-02
  8.2521504e-03
  2.3982041e-02
  4.7712605e-02
 -1.4660496e-03
 -4.5960629e-03
 -7.5296327e-03
 -1.9344067e-02
 -1.9441794e+00
 -5.3519052e-01
  2.1708269e+00
  1.9415492e+00
  7.6704717e-01
 -5.9314257e-01
 -7.3682719e-01
  1.3504207e-01
 -8.2013232e-01
  4.9820181e-02
 -1.4337294e+00
  2.5504705e-01
  1.8268958e+00
  5.1460665e-01
  6.8902239e-02
  7.7100922e-03
 -5.2600307e-03
  8.0415881e-01
  5.8786497e-03
 -6.8567318e-01
 -2.4716356e-03
 -1.7876324e-01
  1.2371565e-02
  3.0901656e-01
  9.0017013e-02
  3.1405535e-02
 -5.6297053e-03
 -1.0665119e+00
  4.7531050e-01
  7.3662382e-01
  2.1697086e-01
  6.1872728e-02
  3.2532543e-02
  8.0935436e-01
  1.2100254e-02
 -2.6591530e+00
  1.1997296e-01
  1.4849030e+00
  1.3842101e-01
  1.7883003e-02
  9.4508221e-03
  2.4924542e-01
 -9.3053132e-03
  2.9490830e-03
 -1.5967987e+00
 -3.6830327e-03
  2.0151542e-02
  1.3969206e-03
  3.8938455e-03
 -3.6558263e-02
  1.2627739e-02
 -2.4822396e-03
  3.0332519e-02
  2.1189824e-02
 -1.6011256e-03
 -3.1309649e-03
 -6.8782508e-01
 -6.4364068e-02
  6.9572216e-01
  3.6030370e-03
 -2.6124720e-03
  7.0276470e-03
  2.0504163e-03
 -3.9525282e-02
 -5.1627076e-01
  1.4106461e-02
 -1.1351206e-03
 -9.5027126e-03
 -1.5333948e+00
 -2.5660025e-02
  1.4755914e-02
  5.5250362e-03
  9.8054558e-03
 -1.0984269e-02
  1.9405439e-02
 -1.1365808e-02
 -2.6579708e-02
 -1.9002890e-02
  6.9867708e-03
  5.3171705e-02
  1.0747620e-02
 -2.3759431e-03
  6.1578997e-03
  3.0313723e-03
 -1.5032635e-03
 -5.0673068e-02
  6.5026390e-03
 -2.9062977e-02
 -2.7808372e-02
 -4.5958806e-02
 -1.6151395e-02
 -4.0792543e-02
  1.6611772e-02
 -1.5437383e-02
 -8.9566866e-03
  1.5818745e-02
 -3.2720316e-02
 -7.5978716e-03
  3.7572406e-02
  1.0035398e-03
 -2.0532026e-03
  3.2186966e-02
  4.3036854e-03
  6.4360566e-02
 -2.7519578e-02
 -3.9382267e-01
 -4.0418565e-02
 -1.2987139e-02
 -1.5035605e-02
 -4.6577749e-01
  9.8096412e-03
 -5.2828360e-01
  7.2666359e-01
 -7.8576243e-01
  4.6606380e-01
 -1.4648516e-02
  1.9117196e-01
 -4.6932246e-03
  4.7279336e-02
  4.6876829e-02
 -1.6025297e-02
 -6.1129693e-02
 -1.4242744e-02
 -1.9568449e-02
  5.8239922e-03
 -1.7126752e-03
  6.5035159e-03
 -1.7930208e-02
 -1.1275808e-02
  6.4136885e-02
  5.8367671e-03
 -2.6288735e-02
  2.5215826e-03
 -5.2543741e-04
  5.3169202e-02
  1.0678427e-01
 -1.7939011e-02
 -3.9145105e-02
 -9.9081406e-03
 -3.0505858e-02
  2.8232973e-02
  4.6556666e-02
 -1.0254554e-02
 -2.3546445e-03
  6.3633742e-03
  9.8670004e-03
  1.5658449e-04
 -1.0085183e-02
 -2.4181668e-02
 -7.1059363e-03
 -5.4050189e-02
 -2.6410317e-02
 -2.4427518e-02
  9.5297331e-03
 -1.9717099e-02
  7.0275832e-03
  3.7966415e-03
 -7.8300387e-02
 -4.6471439e-02
  2.0847103e-02
 -3.2525197e-02
 -1.0963443e-02
  8.3230967e-03
 -3.1715275e-03
  8.6470358e-02
  4.7928382e-02
  1.4195766e-01
 -2.9591767e-02
  1.8638631e-02
 -2.6619071e-03
 -1.1877473e-02
 -5.7557762e-02
  3.5445527e-03
 -1.2772018e-02
  2.1274453e-02
  1.0498248e-02
 -1.1422233e-02
 -1.8898737e-02
 -4.4892151e-02
  9.7601078e-03
  1.2525554e-02
  3.0864929e-03
 -5.7302457e-03
 -2.5407966e-02
 -2.2089126e-02
 -3.3044368e-03
 -8.8351350e-03
  6.0611092e-03
 -1.7717059e-03
 -3.5768887e-04
 -7.5713970e-02
  1.1487572e-02
  1.5110751e-03
  1.0091038e-03
  2.8643521e-02
  4.0058480e-03
  2.3152535e-03
 -5.1962654e-03
  4.8968300e-02
  2.6912937e-02
  1.4008426e-02
 -4.4834148e-02
  6.5552695e-03
 -3.5333156e-03
 -1.9365029e-02
  7.9380581e-03
 -3.1865906e-02
 -3.3564363e-02
  2.3242551e-01
 -4.6929347e-04
 -4.3009493e-02
 -7.3078773e-03
 -1.7969621e-02
 -3.0086683e-03
 -1.2066832e-03
  3.9123360e-02
 -1.3357170e-03
 -1.3179271e-01
 -1.2023280e+00
  4.3768436e-01
  1.7337279e+00
 -1.3884047e+00
 -3.1253692e-02
  7.8277785e-01
 -3.3329756e-03
  4.2368356e-02
  1.4923633e-03
 -2.6765993e-02
 -8.7408423e-01
 -5.7620846e-02
 -6.0571123e-02
 -1.2830043e-01
 -7.3642395e-02
 -3.1520393e-02
  2.8308087e-03
  5.2566715e-02
  1.8259548e-02
  1.6131249e-01
  2.9827207e-03
 -2.9279636e-02
 -2.7323516e-02
 -5.2707437e-02
  5.1364854e-02
  7.8991860e-02
 -2.2394035e-02
  7.6136105e-02
  1.5787132e-02
 -1.9760950e-01
 -3.9417613e-03
 -3.6842640e-02
  8.7007238e-03
 -1.6200799e-03
 -1.9420994e-02
 -1.3690889e-01
 -4.0411514e-01
 -4.3700868e-03
  2.0841326e-01
 -1.2595345e-01
  2.7590084e-03
 -1.0441994e-02
  6.5469855e-01
 -9.3281716e-03
 -3.3286456e-03
 -5.2425815e-03
  5.9727333e-03
  1.1927390e-03
 -1.8567835e-03
  2.6395584e-02
 -1.7829521e-02
  2.4774317e-02
 -2.1211493e+00
 -8.9641035e-02
  4.8183641e-01
  3.6308954e+00
 -3.5316031e+00
  8.7002075e-01
 -3.4182599e+00
 -5.7015651e-01
  4.1532683e-01
  3.1141019e-01
 -3.8357731e-02
 -1.4398767e-01
  1.0975235e-02
 -1.2347143e-02
 -9.8979361e-02
 -3.1700425e-02
  2.2570290e-02
  2.7464518e-02
  1.6134240e-03
 -4.7918290e-02
 -1.1969179e-01
 -2.9562441e-01
 -7.1813054e-02
 -2.0273738e-01
 -1.0865525e-01
 -5.9554768e-03
  3.0491693e-02
 -6.1785823e-01
  4.6086454e-01
 -4.0933219e-01
  2.1753496e-02
 -1.2268510e-01
 -1.1081307e-01
 -1.4436279e-01
 -4.5452338e-02
 -8.4804744e-01
 -3.0793190e-01
  7.4846315e-01
  2.4205644e-01
  1.4925630e-01
  3.5981450e-02
 -1.5817685e-02
 -4.3576691e-04
 -2.8741537e-02
 -6.8667352e-01
 -4.1752033e-02
 -9.3414364e-03
  1.4648189e-02
  7.8754453e-03
 -6.3751498e-03
 -1.9140735e-02
  2.3506803e-02
  1.2989633e-02
 -1.0145812e-02
  2.2753749e-02
 -1.1544813e-02
 -6.7381379e-03
  2.3720644e-02
  1.5675853e-01
  5.2870158e-02
 -4.3454492e-03
  1.3106683e-02
 -1.0706409e-01
 -5.7725135e-02
  4.1365605e-02
 -1.0364918e-02
  2.8967740e-02
 -3.1660397e-03
 -4.3351175e-03
  1.5671574e-02
  3.0918088e-02
 -2.0097062e-02
  1.2309128e-02
 -1.8705294e-02
  5.8374829e-03
 -1.9549899e-02
  2.1273503e-03
  3.5472054e-02
 -4.2418223e-02
  1.0709704e-02
  2.1248961e-02
 -6.2101497e-03
 -5.7962805e-02
  5.8796844e-03
 -9.5774571e-04
 -6.7611476e-03
  3.6307357e-03
 -5.1779789e-04
  8.2078138e-03
  1.5518505e-02
  2.4067499e-02
  5.0447479e-02
 -1.7613336e-02
 -2.5906594e-02
  1.8392978e-03
 -4.6235365e-03
 -1.4578778e-02
  2.0516491e-02
 -1.8728862e-02
  2.4064684e-02
 -2.3068164e-02
  1.1973182e-02
 -1.1922639e-02
 -4.8029181e-03
  1.1043508e-02
 -1.9306837e-02
 -6.0235843e-02
  2.8592004e-02
  3.0276848e-03
 -4.0883325e-02
  4.7548030e-02
 -7.5698723e-03
  4.0026551e-01
  4.0716872e-02
  1.3623655e-01
 -6.6158699e-04
 -5.2462434e-03
  1.7106476e-03
 -1.3875343e-02
  3.1852049e-03
 -3.8744450e-02
  7.2938256e-02
  1.4965864e-02
  6.4516109e-03
 -1.0070299e-02
 -4.3043257e-03
  9.1077015e-03
 -1.2068505e-03
 -2.3971431e-02
  2.0064149e-02
 -2.9501865e-02
 -1.8963238e-02
  3.0144611e-02
 -1.0635360e-03
 -3.9142139e-02
 -3.4907781e-02
 -1.9551132e-02
  1.6107493e-03
  1.1905205e-02
  3.3305671e-02
  5.5480495e-02
 -3.1353745e-01
 -7.6740463e-03
  5.3684907e-03
  1.0089768e+00
 -2.9186649e-02
 -2.0430232e-03
 -1.0483503e-01
  3.1795113e-03
  5.6969941e-02
 -3.9980374e-02
 -3.8387176e-02
 -2.4833713e-02
  4.6381231e-02
 -6.1173937e-03
  2.7735782e-04
 -1.3612677e-02
  1.8328998e-02
 -1.8883884e-02
 -4.3187577e-02
 -9.6109696e-03
  3.8633548e-02
 -5.2090013e-01
 -9.6242476e-01
  4.0826714e-01
  1.2842392e+00
 -1.0443832e-01
 -1.3521657e+00
 -1.4062986e+00
 -1.5787489e+00
 -2.4920464e+00
  2.0820187e-01
 -4.4656894e-01
 -5.0337017e-01
  2.5441125e-02
  2.4172755e-01
  1.7745662e-01
 -5.0833255e-01
  2.6401853e-02
 -5.6074459e-02
 -7.4305989e-02
 -1.1140742e+00
  1.4157356e-02
 -8.1449032e-01
  2.0635678e-02
  2.5055826e-01
 -2.7927507e-02
  1.7429222e-03
 -3.4342058e-02
  7.1836329e-01
 -6.2065381e-01
 -4.0665600e-02
 -3.2417035e-01
 -1.7003599e-01
  1.9638717e+00
 -5.9290286e-03
 -3.8306579e-02
 -1.0617497e+00
  2.0931602e+00
 -1.0251496e+00
 -7.2356784e-01
 -6.6381916e-02
  3.9276871e-01
  1.6564454e+00
 -1.1121231e+00
 -5.0057457e-03
  2.2108649e-01
  1.9749884e-01
 -5.0973486e-02
  1.7031315e-03
  4.2729668e-02
 -3.8923573e-02
 -2.3675153e-02
 -1.5591385e-02
 -1.3695867e-02
  2.0283597e-02
 -7.6561668e-03
  2.2996034e-02
  3.4424633e-01
 -2.2975150e-02
  7.4804523e-03
 -1.3643756e-02
  1.4048473e-02
  2.4393389e-02
 -2.1078408e-02
 -2.3846107e-02
  2.9581867e-02
  6.1624167e-03
 -3.4080151e-02
 -3.1669278e-02
  8.1207817e-03
  2.6258177e-03
 -4.3372422e-02
  1.6519468e-03
 -1.4525997e-02
 -7.0791677e-02
 -1.0812406e-01
 -2.1717364e-03
  2.2867668e-02
 -2.7050367e-02
 -5.9915856e-03
 -4.0656969e-02
 -5.0129066e-03
 -2.1838449e-02
  1.1872653e-02
  9.4932131e-03
 -3.7088875e-02
 -2.2669858e-03
 -3.1351256e-03
 -8.2409382e-04
 -2.8465376e-03
 -5.4898709e-01
  6.2271259e-03
  1.3098677e-02
  2.9938197e-02
  6.9113972e-04
  2.0775612e-02
 -1.7344611e-02
 -1.6616780e-02
  8.0534415e-03
 -1.2666590e-02
  1.8851612e-02
  1.4559737e-02
 -3.9786831e-03
  1.4888316e-03
 -5.9458904e-02
  3.3630338e-02
 -1.5489540e-02
 -6.3042331e-04
 -5.0914735e-03
  7.6467103e-01
 -1.8019454e+00
  1.3260809e-01
 -1.7680519e+00
 -9.4034690e-01
  3.7607113e-01
  1.1949191e+00
 -2.7973357e-01
 -5.1853966e-02
  1.8360296e-02
  3.1635442e-01
  1.0475818e+00
 -1.1949201e+00
  2.1953894e-01
 -5.3563333e-01
  9.2843223e-01
 -1.6445354e-02
 -7.0130414e-01
 -3.5605332e-01
 -2.0692714e-02
  2.7739415e-01
  2.2480547e+00
 -1.5983544e-02
  1.2479153e+00
  6.1785138e-01
  9.4036222e-02
 -9.5982505e-03
  5.1370132e-01
  6.7422364e-04
 -1.8368918e+00
  1.4123647e+00
 -1.5801673e+00
  2.2027118e+00
  9.6224807e-04
  1.7383969e+00
  1.4809602e-01
  2.0142107e-01
 -1.3403167e-01
 -1.1826110e+00
 -4.8121536e-01
 -4.6624213e-01
  2.5805082e-02
 -5.3314837e-03
  4.4769127e-02
 -6.3938588e-02
  1.2823749e-02
 -1.5406287e-01
 -4.9248002e-02
 -2.0371782e-02
  2.1846652e-02
  2.8386125e-01
 -8.3071329e-03
  3.3235919e-02
 -1.7590115e-02
 -4.0546334e-01
  1.8117871e-02
  9.0052523e-02
  6.4377260e-01
  3.1352593e-04
  1.8816397e+00
 -1.1448556e-02
  1.9466350e-02
 -3.0790570e-01
 -2.2174375e-02
  3.7311498e-04
  4.1073039e-03
  2.0681780e-02
  2.0788481e-02
 -2.5140035e-03
 -1.9003754e-03
 -6.9358731e-03
 -7.5861807e-03
 -4.2199432e-03
  2.0990757e-02
 -1.3593487e-02
  1.4987955e-02
 -3.3118378e-02
  1.8629169e-02
  3.8082574e-03
 -6.0890233e-03
  2.5488693e-02
  6.1874039e-02
  4.9107146e-02
  2.9564567e-02
  1.4036424e-02
  6.3837990e-03
  8.5466243e-02
 -2.0470712e-03
  5.4512158e-02
 -6.6970253e-01
 -6.6251779e-04
  1.1808788e-01
  2.9876705e-03
 -4.5142248e-02
 -2.3974657e-02
 -4.0138047e-02
  1.6459716e-03
  4.2200349e-02
  5.6040978e-01
  2.6296578e-02
  1.1278110e-02
 -8.1884757e-02
  5.9727719e-03
 -2.4376465e-02
  9.2922552e-03
  4.1917101e-03
  1.5095707e-02
  1.9021034e-02
  2.0822902e-01
  3.0117422e-02
  1.6655496e-01
 -1.0133662e+00
 -1.6189401e-01
  1.5210150e-01
  1.0653594e-01
  4.6070406e-01
  9.0197086e-01
  3.3218760e-02
 -4.6481765e-03
 -2.9284274e-03
 -6.0820840e-03
  1.8439727e-02
 -1.4274849e-02
 -3.3846635e-02
 -2.7028557e-02
 -3.9280989e-05
  8.3302157e-03
 -2.1373589e-02
  4.9800362e-02
 -6.2011653e-03
  1.3728946e+00
  1.5275369e-02
  1.4587283e-01
 -1.2255935e-02
  3.2456458e-02
 -2.5932326e-03
 -7.7145388e-03
 -2.8976537e-03
  4.1185985e-03
  2.8514037e-01
  1.7801201e-02
  1.2026732e-02
 -3.6686823e-02
  2.1773760e-01
  2.2815101e-02
  6.1158803e-03
 -7.8278974e-02
 -5.1298295e-03
  1.2753174e-02
 -5.5937365e-02
 -4.4702914e-02
  8.8868268e-02
 -1.0640659e-01
  1.0768458e-01
 -6.1397851e-02
 -2.3009544e-02
 -1.8042716e-03
  1.6655831e-02
  6.1483686e-03
 -4.3927554e-02
  2.4000123e-02
 -6.1194964e-02
 -8.0685352e-04
  5.7135788e-03
 -1.4056179e-02
 -7.2178748e-03
  9.8031294e-03
  2.8169462e-03
  3.4396071e-03
 -1.5606378e-02
 -2.1435192e-02
  5.0242720e-03
 -1.3393055e-02
  1.9170431e-02
 -1.1387147e-02
 -4.2116903e-03
 -4.0463347e-02
 -8.3666824e-02
  1.2227956e-03
 -2.2887399e-02
 -2.1940696e-01
 -1.3193517e-02
 -1.1397056e-01
 -1.3461916e-02
 -2.9125432e-03
 -5.5719443e-02
  9.9066466e-02
  6.9132457e-03
  2.6655028e-02
 -1.6337676e-02
  1.5527183e-02
  5.3153224e-03
 -1.1319315e-02
  1.6857762e-02
 -3.1275338e-01
  5.6844510e-02
 -7.7684480e-03
  2.3919327e-02
  2.4127947e-02
 -1.6457805e-02
  1.7697273e-02
 -7.2041660e-04
  9.7359801e-03
  4.2665485e-02
 -3.4315359e-02
 -7.2675948e-03
  8.8247173e-03
  3.2620676e-02
  1.0729281e-02
  3.2044746e-02
  2.1409215e-02
 -1.4512098e-02
  1.7369803e-02
 -2.5849333e-03
  1.5174668e-02
  1.2821434e-02
  1.7889550e+00
 -1.0995771e-01
 -2.9822481e-01
  1.3016721e+00
  4.2998947e-02
  9.0250045e-01
  2.5619367e-01
 -1.8849502e+00
 -3.2767987e+00
  4.9849775e-01
  2.1259697e-02
 -2.2837829e-02
  3.0602196e-01
  1.4350091e-01
 -2.8541402e-03
 -6.1128147e-02
  4.7891689e-03
 -2.6524480e-02
 -7.3132835e-02
  1.9438425e-02
  1.9067204e-01
 -1.4590770e-01
 -3.0007792e-01
  2.0925380e-01
 -2.5466422e-02
  3.2619715e-02
 -4.9547642e-01
 -4.1345831e-02
 -3.1763405e-01
  8.9107722e-02
  2.6018932e-01
  3.1156018e+00
  4.6899680e-02
 -8.7852228e-01
 -2.4565751e-02
  2.8401089e-01
  1.8660873e+00
  6.8205112e-01
  4.2332277e-01
 -2.3694670e+00
 -3.7020111e-01
  1.5480104e-01
 -1.0150075e-01
 -2.5987711e-02
  1.1066158e+00
  1.0377364e-02
  2.7785420e-03
 -1.0035130e-01
 -1.4698313e-01
 -4.3981053e-02
  2.2854567e-02
  8.1654629e-03
 -1.1791868e-02
  3.6884815e-02
 -6.8352327e-02
  8.9485335e-01
 -6.7588061e-01
  7.3020166e-01
 -1.3480282e+00
 -1.9092993e-01
  1.8077022e-01
 -2.1490786e+00
  7.6988673e-01
 -2.9097029e-03
 -6.8646294e-01
 -5.2223319e-01
 -3.3548888e-02
 -9.9619794e-01
 -1.2194154e+00
 -2.4275236e-01
 -2.0427549e-02
  6.0940746e-02
 -4.6555963e-01
 -1.0645837e-02
  3.2349817e-02
 -1.4020606e-02
  1.7998839e-02
 -6.6329730e-01
 -1.3214581e-01
 -2.0861672e-01
 -2.2117252e-02
 -1.6015764e+00
  1.2420264e+00
  4.0053025e-01
  8.8839507e-01
 -1.1213902e-02
 -2.5146101e+00
 -3.9574608e-02
  1.2705931e-01
  5.9563261e-01
 -3.2544753e-01
  1.7947955e+00
 -6.5154046e-01
  1.3735273e+00
  1.1214604e-01
 -1.4375603e-01
  3.3205271e-01
 -2.2744603e-01
  1.7267633e-02
 -7.3033436e-03
 -1.2835568e-02
 -1.7929068e-02
  4.1252814e-02
  8.6473934e-02
 -1.5825318e-02
  6.4969949e-02
  3.2202374e-02
 -9.8460503e-02
 -8.5972494e-01
  1.1511036e+00
  1.4181744e+00
  9.3605316e-01
  9.8030424e-01
 -8.7698430e-01
  1.3667563e+00
 -1.6931430e+00
  2.1578519e+00
 -5.0401688e-01
 -2.6900670e-01
  9.5413727e-01
  4.7799632e-01
  8.8171232e-01
 -2.4817801e-01
 -5.1365900e-01
  3.1922710e-01
  6.8743241e-01
 -1.6931704e+00
  9.0406537e-01
 -5.6378323e-01
  1.7313324e+00
 -1.4443020e+00
  1.5657698e+00
  1.3382730e+00
  2.2550778e+00
 -1.2210257e+00
  2.3179336e+00
 -3.3365768e-01
  2.0225794e+00
 -2.6649973e+00
  8.5904908e-01
  1.1478778e+00
  1.1628985e+00
 -9.2376906e-01
 -3.7849522e-01
 -2.0270433e+00
  6.1438513e-01
 -3.3996943e-01
  1.4941893e+00
  1.5028622e+00
  1.9691038e-01
 -8.1453735e-01
 -2.7115664e-02
  1.7587935e+00
 -5.4666781e-01
  8.5501671e-01
  4.2873779e-01
  1.4756321e+00
  2.2319889e-01
  7.6574934e-01
  4.8940754e-01
 -8.9252239e-01
  1.0950245e+00
 -5.1397145e-01
 -1.8548824e-01
  1.3353447e+00
  5.2021879e-01
  7.5509363e-01
 -7.5115573e-01
 -1.5255296e+00
 -1.2148207e+00
 -5.9165768e-02
  9.4818711e-01
 -1.3408604e-01
  1.8781534e-01
  1.3304811e+00
  6.9478428e-01
  1.2382869e+00
  8.9532685e-01
  2.9437637e-01
 -1.4424938e+00
  1.5733740e+00
 -1.8388000e-01
 -4.9522334e-01
 -1.1092427e+00
  9.7826314e-01
  1.3432744e+00
 -1.4487659e+00
  1.4256105e+00
 -3.7193647e-01
  1.7796803e-01
  1.8580370e-01
  7.2357796e-02
  4.3193933e-01
 -6.5969519e-02
 -9.2568976e-01
  1.1677215e-01
 -1.8409269e-01
 -1.1901649e+00
  3.8313532e-01
  1.0552741e-01
  2.0217423e+00
 -4.1758474e-02
  1.0749120e+00
  1.6516425e-01
  1.9254549e-01
  4.8425127e-02
  1.2252445e+00
 -6.2191564e-01
 -5.7266295e-01
 -1.5006897e+00
  6.5105361e-01
  2.3023424e-01
  1.3738403e+00
  4.1629014e+00
  2.5991061e-01
  2.1318107e+00
 -4.8956552e-01
  3.2129552e-02
 -1.2097952e-01
 -1.1513359e-01
  2.7376503e-01
 -2.1069899e+00
 -4.9452828e-03
 -6.0983020e-01
 -6.7062639e-03
 -6.3234335e-03
  3.6908585e-01
  2.1782219e-02
  5.6496018e-01
 -2.9065806e-01
  1.4537938e+00
 -8.1299685e-02
 -1.1200149e+00
  2.7390362e-03
  2.3455354e-03
 -2.6050940e-01
 -1.7561112e-01
  6.9451571e-02
  1.6296075e-01
 -2.6343676e-01
 -1.4558448e-01
  2.1741965e-01
  7.7324450e-01
  2.6141229e-01
  5.1925695e-01
  1.4099650e-01
  6.2561840e-01
 -8.9530786e-03
 -6.5992117e-01
 -4.8026553e-01
  2.7335411e-01
 -1.6659002e+00
 -1.5668018e-02
  9.5252013e-03
 -1.0488867e-01
  4.8902247e-02
 -2.9439759e-01
  1.2174601e-01
 -3.4390982e-02
 -3.2851193e-02
  4.0957995e-02
 -5.8842018e-02
  5.7468524e+00
  7.4702340e-01
  4.1051421e+00
  2.8972375e+00
  9.8798507e-01
 -3.0301292e+00
  4.9943089e+00
 -1.7092687e+00
  1.4167843e+00
  1.8140305e+00
  5.2630246e-01
 -2.6322788e-01
  1.4934978e-01
  2.7309997e+00
  6.9954586e-01
  6.7071714e-02
  6.0534579e-01
 -1.3681417e+00
  2.7272621e-01
  1.0766026e+00
 -1.1540419e-01
  3.6881119e-02
  3.0794086e+00
  2.1361241e+00
 -1.8623109e-01
 -6.6391453e-02
 -2.7235591e-01
 -5.4752910e-01
  4.8863465e-01
 -2.1515744e+00
 -1.8843807e-01
  9.3545455e-01
  5.7020754e-01
  2.8413355e+00
  2.5708500e-01
  9.6350086e-01
  9.6016145e-01
  3.2982726e-02
 -1.0070504e-01
  8.2860678e-02
 -1.4303724e+00
 -2.0308778e+00
  2.8303943e+00
  2.7660303e+00
 -1.5632150e-01
  1.3486505e-01
 -1.4865679e+00
 -3.8900250e-01
  1.8172216e-02
 -3.3729032e-01
 -3.6181810e-01
  1.1053997e-01
  1.3537347e-02
 -1.9502473e-01
  1.5745317e+00
  5.6994629e-01
  1.4157017e+00
 -1.5740801e+00
 -1.5504402e+00
 -2.5722927e-01
 -2.6731285e-01
  5.6794137e-01
  4.1141689e-02
  1.2984753e-01
  2.1392505e-01
  8.8439241e-02
  5.9860218e-01
 -7.4806541e-02
  9.4296560e-02
  6.4010274e-01
 -4.8328492e-01
  3.6803356e-01
 -6.6120112e-01
 -9.1482651e-01
 -1.1604584e-01
 -6.3145474e-02
 -5.6012309e-01
  1.3690858e-01
  2.5440250e-03
  2.8243008e-01
  4.4669533e-01
  2.2806559e+00
 -3.4620354e-01
  1.8106542e+00
  5.2003834e-02
 -6.8113482e-01
 -1.8367295e+00
 -3.2218677e-01
  1.3532951e+00
  1.4028232e-01
  3.8571155e-01
 -1.3999641e+00
  3.6732733e-01
  3.1199776e-02
 -4.8899776e-01
  1.8541179e+00
  1.7743912e-01
 -8.7574446e-01
  5.4151911e-01
  3.2613854e+00
 -2.4716473e-01
  3.1726427e-02
  8.5015756e-01
  1.6009921e-02
  4.1335892e-02
  1.1080382e-01
  1.7941016e-01
  2.2921862e-02
  4.1030698e-02
  2.7176970e-01
  2.7919444e-01
 -1.4881717e+00
 -6.5513480e-01
 -8.8028079e-01
  1.0667566e+00
 -5.5583858e-01
  2.3020221e-01
  4.3261206e-01
  3.7874523e-01
 -2.8098509e+00
  4.1579592e-01
  3.9996732e-02
  5.6334662e-01
 -3.3634335e-01
 -3.8787667e-02
  4.7071463e-01
  4.1016393e+00
  3.0969625e-02
 -1.8841865e+00
 -1.2552319e+00
 -3.2585833e+00
 -4.4410211e-01
  3.6459076e-01
  5.6724793e-01
  2.0538551e-01
  1.7711128e+00
  2.4542771e-01
  3.1132128e+00
 -3.7878916e-01
 -1.4446232e-01
  2.0882819e+00
 -4.4707036e-01
  1.4341787e-01
 -2.7769348e-03
  1.9320079e+00
 -5.2550673e-01
 -1.5095867e-01
 -1.7843102e+00
 -1.3312068e+00
 -5.1697892e-01
  4.7321048e-01
 -1.1145981e-01
  5.7809889e-01
  2.9195476e+00
  2.0604628e-01
  5.5564041e-03
 -2.0621479e-01
 -1.6213768e+00
  4.9901254e-02
  7.3601983e-02
 -2.8253738e-03
  6.4275123e-02
  2.9609048e-01
 -3.4729630e-01
  3.3232048e-02
 -6.0395976e-03
 -7.7342570e-02
 -4.2932126e-01
 -2.9427454e-02
 -4.6543017e-01
  1.8305043e+00
  2.0539156e-01
 -1.3737469e-02
 -6.4254172e-02
  3.0208187e-02
  7.6449751e-03
 -1.1495095e+00
 -6.4403099e-01
  1.4979810e-01
  2.5703534e-01
 -1.4710274e+00
  3.2227868e-04
 -1.5533651e+00
 -8.3351478e-02
 -8.0102491e-01
 -1.1505895e+00
 -1.6571872e+00
  2.2492781e-02
 -1.2760162e+00
  1.4241725e+00
 -4.2147361e-02
  3.7031183e-01
 -8.7466843e-02
 -4.2346761e-01
 -4.9618900e-02
 -6.3385922e-01
  8.2536536e-01
 -9.8131472e-01
  1.8493624e-01
  8.4018147e-01
 -5.5681610e-01
 -6.8532638e-02
  7.1920031e-01
  1.9027472e-02
  1.1881471e-01
 -2.5163665e-01
 -6.1791402e-01
 -3.9928672e-01
 -2.7239144e-02
 -1.5809721e-01
 -6.3293970e-01
  1.0233231e-02
 -2.8076533e-02
 -9.1002658e-02
 -6.3805762e-03
 -2.0467244e-01
  5.3454742e-02
  1.4737505e+00
 -5.1690072e-02
  2.2135248e+00
  6.1578166e-01
 -1.6006539e+00
  1.4127564e+00
  1.4849473e-02
  2.0948997e+00
  1.1677313e+00
 -1.9779605e+00
 -5.5507815e-01
 -9.4288856e-02
 -3.9842683e-01
 -4.1123217e-01
 -5.5565286e+00
 -1.5399361e-01
 -2.0281644e-01
  1.5112603e-01
  1.8148126e-02
  2.9242241e-01
  2.0329157e-01
 -2.0017213e-01
 -5.1773882e-01
 -1.2374806e-01
 -8.2815039e-01
 -8.4070176e-02
  7.0956558e-01
 -2.0768189e+00
 -3.8380250e-01
 -1.2916654e+00
  3.0877972e-01
  2.3587339e-01
  1.7453086e+00
  2.0661454e-01
 -1.9497329e-01
 -3.0519891e+00
  4.5177794e-01
 -7.8306422e-03
  3.4665552e-01
  1.3137794e+00
  3.5427641e-02
 -2.5070598e+00
  1.9897206e-02
 -6.5523922e-01
 -1.8779271e+00
  6.7480952e-01
 -2.4018623e-02
 -2.1798286e-01
 -4.8968318e-01
  1.3167234e-02
  1.8801250e-01
  4.0795729e-03
  3.3409011e-01
 -1.9472137e-01
  3.2909155e+00
 -1.2950110e+00
  1.9918151e+00
  1.0865101e+00
 -5.3803599e-01
  3.6971346e-01
  4.7110654e-02
 -1.7959434e+00
 -1.2536075e+00
  3.3131534e-01
  2.2469787e-02
 -1.4043777e-01
  3.8274211e-01
  4.4807687e-01
  1.2056310e+00
  1.0986430e-01
 -1.2788631e+00
  6.8703467e-01
 -8.1543654e-02
 -9.2001569e-01
  1.5592604e+00
  5.1479924e-02
 -1.1997021e-02
  3.4531183e+00
 -7.2101846e-02
  1.1456343e+00
  2.1099435e-01
  2.3454277e-01
 -1.8282704e+00
  2.3460479e+00
 -8.0186486e-01
 -1.7335768e-01
  3.2196918e+00
 -3.1560242e+00
 -1.3503945e+00
  3.4922707e-01
 -3.3501790e+00
  2.0156369e+00
 -5.2721113e-01
 -8.0376673e-01
 -1.3168173e-01
 -5.6553251e-01
 -3.8256255e-01
  1.9184858e+00
  4.4762605e-01
 -2.5716273e-02
  2.4107786e-01
 -9.5072620e-02
  2.1359305e+00
  1.7929502e-02
  3.6463700e-02
 -1.1647691e-02
  1.6629951e-01
 -7.0510268e-01
 -1.4058520e+00
 -2.1800375e+00
  1.7067780e-01
  9.7325677e-01
  7.8741497e-01
 -2.8193358e-01
  2.0379467e+00
  1.6428918e+00
  9.4472438e-01
  2.7629815e-02
 -5.5495352e-02
  4.7893843e-01
 -2.6723605e-01
  1.8390890e-02
  1.2112161e-01
 -2.5573412e-01
  3.0023783e-02
  1.5294667e+00
  3.5812810e-02
  1.7002374e-01
 -4.4501927e-02
  3.7008315e-01
  1.9722059e-02
 -8.5793287e-03
 -1.4623152e-01
  4.7747497e-02
  1.4797715e+00
  9.0195298e-01
  1.0566103e+00
  1.7088839e-01
 -1.2429419e-01
  4.5663330e-01
  1.6905171e+00
  8.3895040e-01
  7.1471497e-02
  9.6420825e-01
 -3.0136613e-02
  3.2410765e-01
 -4.6990346e-02
  6.8283334e-02
  6.9721806e-01
  2.0443728e+00
  1.5777565e+00
  2.6330296e-02
  9.0455674e-02
 -4.9292166e-03
 -2.4461066e-02
  1.6553920e-02
 -8.7261960e-02
  9.2883455e-04
  1.0774896e-01
  1.2213236e-01
  6.0429499e-03
  1.0718231e-01
  5.5465560e-02
 -9.5672816e-02
  7.7689856e-02
  7.4996240e-02
  9.3276333e-03
 -5.8918051e-02
  3.1030396e-01
  1.0734084e-01
 -1.2629370e-01
 -8.4498517e-02
 -4.5165657e-03
  4.3375641e-02
  2.7735132e-01
  7.9823837e-02
 -8.8615999e-02
 -1.0267378e-01
  1.6612744e-02
  2.2872120e-02
 -1.7778464e-02
  5.1229887e-02
  3.9382836e-01
  2.5511844e-02
  6.1462536e-02
 -7.0322394e-02
  3.6312443e-01
 -1.6616335e-02
  5.1677590e-03
  2.2245639e-03
 -7.2323546e-02
  1.1714410e+00
 -4.4986241e-02
  9.3751468e-02
  1.2419458e-01
  2.7154940e-01
 -4.6845004e-02
  1.3785615e-02
  1.9843717e-01
  7.8451318e-01
 -8.3037898e-02
  1.8413170e-01
 -2.1409629e-02
 -7.3783599e-02
  1.5265774e+00
 -2.8940775e-02
  4.3733705e-02
  1.6135904e-01
  1.9139066e-02
  9.7673945e-03
 -1.4791343e-02
 -1.1982683e-02
 -2.1259133e-02
 -1.7342541e-01
  1.9323309e-01
 -1.1266331e-01
 -1.9102904e-01
  8.3905421e-02
  5.5548817e-01
  1.4644691e-01
 -1.0239127e-01
  1.8247520e+00
 -9.8567963e-01
  6.0246080e-01
  1.3690433e-01
 -1.0615964e-02
  6.6612020e-02
  3.2576842e-03
 -6.6896886e-02
 -1.0201561e+00
 -8.4220789e-02
  3.3633336e-01
  3.2137856e-01
  5.7629675e-02
  3.0037391e-01
 -6.8427694e-01
  2.9564021e+00
 -2.7738202e-01
  8.6022548e-02
  1.0834228e-01
  2.1751788e-02
 -9.4108623e-01
 -6.8010056e-01
 -6.6240430e-01
 -2.8206599e-03
 -1.0600197e+00
  1.1818951e+00
 -1.8562343e-02
  2.4717066e+00
 -2.1623558e-01
 -5.7896417e-02
 -8.1425291e-01
  2.5225484e-01
 -2.8117368e-01
 -1.1375736e-01
 -4.8960435e-01
  1.0435233e-02
 -5.6280428e-01
 -6.9931790e-02
 -1.2095570e-01
 -8.4862961e-03
  1.0912842e-02
  3.3753429e-02
  1.3499790e-01
 -3.7835990e-03
 -5.6081384e-02
 -5.4756697e-02
 -2.0293374e-01
 -1.2835768e-01
  1.5252397e+00
 -1.7508444e-01
 -4.0410593e-02
  2.9008746e+00
 -1.1778116e+00
  5.5401796e-01
  7.0727861e-01
  1.7614214e+00
  1.0104723e+00
  4.5292503e-01
 -3.6805004e-01
  1.1829679e-01
 -1.3219030e-01
 -5.5783176e-01
 -8.2236469e-02
  2.5804263e-02
 -5.9664005e-01
 -1.7278855e+00
 -1.1960744e+00
  8.1258756e-01
  8.9271986e-01
  2.4270544e+00
 -6.8903369e-01
 -4.8279569e-01
 -1.5537515e-01
 -2.5039899e-01
 -7.5157015e-03
  5.1884234e-01
 -1.1293957e+00
 -3.2029519e+00
 -1.3395974e-01
  1.5123186e+00
 -2.5240701e-01
 -2.9519337e-01
 -3.6825457e-01
  3.3561283e-01
  1.1050378e+00
  6.3118981e-03
 -9.0951848e-01
 -8.7649405e-01
  2.6102221e-01
 -9.5002539e-03
 -1.0195366e+00
 -1.7944622e-01
 -6.1538506e-01
  1.8741760e+00
  2.4165489e-01
  1.1696159e-01
  2.2940774e-01
 -1.2571225e+00
 -2.3419769e-03
  5.8184619e-06
 -4.4391519e-01
  3.2733906e-02
  2.5313193e-01
  1.5884198e-02
  1.0932676e-01
  1.4042606e+00
 -5.3521037e-01
  2.3450714e-01
  4.7187337e-01
 -7.8443867e-01
 -3.4225094e-01
 -1.9937249e-01
 -1.7631995e-02
  1.2988354e+00
  1.1533959e+00
 -1.1828332e-01
 -9.0714805e-03
 -3.4121746e-01
 -2.8956218e-02
  1.4272736e-02
 -2.0941682e+00
  1.4154494e-01
 -6.7348778e-02
  4.3509282e-02
  7.2379443e-03
  6.8621270e-02
  3.0408177e-01
 -1.7520191e-01
 -6.5175869e-02
  6.1840147e-01
  7.6004071e-03
  1.2834313e+00
  4.1182403e-02
  2.1072421e-02
 -2.6676718e-02
  3.3368018e-02
 -4.3767866e-02
 -1.2184374e-01
  1.0914007e+00
  1.5107703e+00
  2.6668167e-01
  5.6351766e-02
 -8.0397874e-01
 -5.8992513e-02
 -1.6298226e-01
 -6.8301946e-02
 -2.4435659e-01
 -4.1461295e-01
 -2.2994432e-01
  1.6213453e-01
  9.4850026e-02
  4.0213890e-02
 -9.1237254e-02
  1.2435808e-01
  3.0293253e-01
 -1.6669606e-01
 -1.2927125e+00
  6.1588252e-01
 -3.5121505e+00
 -5.6810707e-01
 -2.4979482e+00
  2.8044522e+00
 -5.7612553e+00
  1.4335489e+00
 -2.0219467e+00
  5.2370000e+00
  4.8078564e-03
  2.0206761e+00
 -6.2738085e-01
 -4.1764226e-02
 -8.5008308e-02
 -9.3062073e-01
 -1.4461176e+00
  1.4048563e+00
  4.8097312e-01
 -1.0280181e+00
  2.1389611e-02
  8.4582970e-02
  1.9389456e-02
 -1.9088289e-02
 -1.3240275e+00
 -3.6196494e-01
 -1.7907192e-01
 -1.9202729e+00
  5.3222698e-01
  8.3624458e-01
 -6.6246814e-01
  8.6757421e-01
 -1.5701835e+00
 -1.9519861e+00
 -1.2465003e+00
  3.0990180e-01
  5.3773779e-01
 -2.2888541e+00
 -8.5927710e-02
 -1.3349569e-01
  1.4386879e+00
  9.0452307e-01
 -1.2076887e+00
 -1.5299540e+00
  2.2608532e-02
 -1.5584336e-01
 -1.1072913e-02
 -1.8715075e-01
 -1.3316464e-01
  1.6982485e-01
 -2.4871200e-02
  4.0918838e-02
  9.2469290e-04
 -2.7597353e-01
  4.4293806e-01
 -4.8234695e-01
  2.4140967e-01
 -2.6556841e-01
 -1.8696593e+00
 -3.4708092e+00
 -2.4554135e-01
 -1.3227246e+00
  1.9012184e-01
  2.8365376e+00
 -9.0879865e-02
  8.7698698e-02
  1.1274069e-01
 -1.7288584e-01
  1.7169561e-02
 -1.2764980e-01
 -1.5949742e-01
 -1.1944578e-01
 -5.2593064e-01
 -4.0773287e-02
  7.1729951e-02
  4.6418604e-02
  1.3898536e+00
 -2.6945505e-02
 -1.3169171e-02
 -5.7653389e-03
 -6.8357393e-02
 -2.4230602e+00
 -4.7318179e-02
 -9.8683789e-02
  2.0416651e-02
  3.3396029e-01
  2.4496606e-01
  5.5778223e-01
 -4.4312641e-02
 -3.7971139e-01
 -1.9997182e+00
 -8.3486634e-01
 -1.5523286e-01
 -1.0698196e-01
  4.4760224e-01
 -1.8172386e-01
  2.4342654e+00
  5.1102895e-01
 -2.5232655e-01
  7.0258580e-02
 -7.4712229e-03
 -3.1040994e-02
 -1.4837051e-02
 -3.9001103e-02
 -3.4882154e-02
  2.4187450e-01
  6.0268015e-02
  1.3803159e-01
 -1.3811246e-01
  5.3990506e-02
 -2.9723914e-03
  5.7441216e-02
 -1.8932724e-03
 -7.4976943e-02
  8.2838662e-02
 -2.7124284e-02
 -5.0201833e-01
  1.2910928e-02
 -1.7378040e-02
  1.4741616e-03
 -2.5879264e-02
  1.2426347e-03
  1.4344461e-01
 -1.1479518e-01
 -4.7357690e-02
 -5.7356428e-02
 -5.1938623e-02
 -8.9276098e-02
 -2.3296962e-02
  2.0268600e-02
  7.0315421e-02
 -2.3729449e-02
  1.2188846e-01
 -1.2063985e-01
 -2.0991210e-02
  6.6896193e-02
  6.0379103e-02
  1.4448993e-01
  4.3120176e-02
 -1.5397044e-01
  4.4302169e-02
  2.0482162e-01
  4.5572419e-02
  1.7227586e-02
 -5.1525533e-03
  3.9006101e-03
 -9.9918044e-01
 -1.8198121e-02
  2.2587501e-02
  9.1051841e-03
  1.3345243e-01
 -1.1321846e-01
 -1.5246971e-02
 -9.9693134e-02
 -1.0704788e-01
 -1.5381741e-03
 -4.2101391e-02
 -6.1413623e-02
  6.1048227e-03
 -3.3972159e-02
  2.3728995e-01
  7.3160464e-03
 -3.4071940e-01
  2.6248844e-04
 -5.9310985e-01
  6.8525350e-01
 -3.7275308e-01
  1.6489810e-01
 -6.7280531e-02
  3.3546290e+00
 -4.5798269e-01
 -6.5982074e-02
 -8.2232440e-03
  4.2386632e-02
 -1.1509415e-02
  1.7540666e-01
  7.2815038e-02
 -8.6493716e-02
  1.5170353e-02
 -2.6533213e-01
  2.5981936e-01
  2.0762878e-02
  4.0947416e-01
  5.4924101e-02
 -2.8355014e-01
 -1.5794280e-01
 -4.3677587e-02
 -1.8700514e-02
 -2.1689197e-01
  3.0165988e-01
 -7.2074264e-02
 -3.2173458e-01
  2.1660824e-01
  5.9378162e-02
  1.2335754e-01
  4.1005465e-01
 -3.1892943e+00
 -9.4855502e-03
 -1.5272291e-01
  1.2698784e-01
  2.8092647e-01
  1.1580458e-01
 -1.2304293e-01
  3.1645823e-02
  9.0821512e-02
 -9.3251473e-01
  3.0485737e-01
  6.8438792e-01
  1.2182068e-02
 -4.7215383e-02
 -2.3550581e-02
  5.1906325e-02
  5.6436557e-02
  1.7998543e-01
 -6.7478262e-02
 -1.4873562e-02
 -2.2319643e+00
 -7.1549065e-02
 -5.8729123e-02
 -6.7440087e-01
  1.7009592e+00
  1.4154924e+00
 -3.3491783e+00
 -2.9935214e-01
  1.9314586e+00
  1.8408879e+00
 -7.8327191e-01
  1.1613109e-02
  3.0729854e-03
  2.2276647e-02
 -1.2043707e+00
 -1.0791086e+00
  7.4583508e-02
  6.4051247e-01
  3.0119295e+00
 -1.3516631e+00
  1.3585938e+00
  6.9426529e-02
 -9.9703185e-02
  9.2616454e-02
 -1.2806358e+00
 -1.2373034e+00
  2.2555721e-01
  6.1290175e-01
  1.2842294e+00
  1.2913743e+00
  1.1926879e+00
 -1.2636203e-01
  6.6199028e-01
  5.5097926e-01
 -3.1043324e+00
  1.0637623e+00
 -7.1769285e-01
 -1.2122331e+00
  2.7067707e+00
 -1.2560055e-01
  6.6151088e-01
  1.0090231e+00
 -1.5377996e+00
 -6.1614245e-01
  2.1028595e-01
 -2.5400776e-01
  2.7573526e-01
 -2.1005043e-01
 -2.6592482e-03
  1.0288547e+00
  4.5365643e-02
  1.9606827e-02
  2.3836890e-02
  8.8265076e-02
 -9.3536663e-01
 -6.3521695e-01
 -6.9901431e-01
  2.7014041e-01
  4.7566193e-01
 -6.4778709e-01
  2.8792918e+00
 -2.5702031e+00
 -1.9659269e+00
 -1.7125043e+00
 -4.4030648e-02
  1.1765783e+00
  6.3665514e-04
  4.1660395e-02
  5.1421460e-02
 -6.5644018e-02
 -1.6005726e-01
 -1.8137866e+00
 -8.2889307e-01
 -1.7384312e-01
 -9.2889249e-01
  1.0120483e-01
  1.3951448e+00
  7.3468816e-03
  1.1963105e-01
 -2.9600609e-02
  3.3529729e-02
  1.4135311e+00
  3.2343693e-02
 -3.4480423e-02
 -1.8016435e-02
 -7.1109593e-01
 -1.1361914e-01
 -7.9854625e-01
  2.9757941e-01
  1.8233347e+00
 -2.4763305e+00
  1.4617182e-01
  5.8645117e-01
  3.5633647e-01
  1.8573717e+00
  2.5430359e-02
 -1.6531795e+00
  7.3527449e-01
 -1.8080971e-03
  3.8406401e+00
 -6.0295496e-02
 -2.3768210e-01
 -5.3794836e-03
  3.9914033e-01
  4.7269203e-02
  2.1475644e-01
  1.9073735e-01
 -4.1389170e-01
 -3.1082137e-02
  2.5690615e+00
  5.5749500e-01
  1.1559876e+00
 -5.8290303e-01
 -2.3724076e-01
 -4.3233628e+00
 -7.7155381e-01
 -3.7933138e-01
 -1.1118653e-02
 -5.7012743e-01
  1.1212040e-01
  8.5733259e-01
 -2.4349911e-02
 -5.9951100e-02
 -1.3115804e+00
 -2.0283261e-01
  2.7136145e+00
  3.1666918e+00
 -1.3923426e+00
 -6.8273032e-01
 -1.1782396e+00
  4.1007790e-01
  1.1949009e+00
 -3.5570511e-01
 -3.0507213e-01
  1.5028809e+00
  7.0814365e-01
 -9.0997517e-02
  3.0447209e-01
 -3.0160514e-01
  2.1998256e-01
 -3.1204488e+00
  2.9072087e+00
  1.3864057e+00
 -1.7263596e-01
 -1.4460751e+00
  1.6701433e-01
  5.9618033e-02
  1.1636395e+00
  6.8713665e-01
  3.1544318e+00
 -1.8852533e-01
 -2.7573698e+00
 -1.3658097e-02
 -2.6447892e+00
 -5.6233224e-02
 -1.1663102e+00
  1.0321210e-01
  4.5642522e-01
  7.6599186e-03
 -2.3589871e+00
 -2.7728325e-01
 -6.3596092e-02
  9.7566706e-01
  7.1910340e-01
  3.3141282e-01
  1.1211156e-01
  5.0404549e-01
 -1.0510107e+00
 -2.4561873e-01
  7.4783313e-01
  2.0376461e+00
  1.4983325e-02
  6.4570588e-01
 -1.4325376e+00
 -1.0454328e-01
 -1.0443459e-01
  1.3625702e+00
  1.4200022e+00
 -1.2018317e-01
  7.1277088e-01
  2.2767026e+00
 -1.5463844e-01
 -1.8147604e+00
  1.4946319e+00
 -3.8177752e-01
 -3.0126026e-01
 -1.6848423e-01
 -7.0868397e-01
  5.8026326e-01
 -2.0764914e+00
 -2.4153950e+00
 -1.3774202e+00
  5.2749926e-01
 -2.2463844e+00
  1.4551359e+00
  1.7291451e+00
  2.0330974e-01
  1.8910745e-01
 -1.7220222e+00
  2.0041313e-02
 -2.6894209e-01
  2.6565191e-01
 -3.5685128e-01
 -1.1623217e+00
 -1.1776083e+00
  6.2605657e-02
 -1.7333391e-01
 -7.0045608e-01
 -3.4959856e-02
  6.9847800e-02
  7.1435876e-02
 -1.0200311e+00
  4.0819336e-02
  5.7928837e-03
 -4.0987413e-02
  1.9712861e-01
  9.0924078e-01
  1.2295424e+00
 -4.2035714e-01
 -9.4598466e-01
 -1.5562993e+00
  1.0643498e-01
  1.3051230e+00
 -1.0423359e-01
 -4.1012257e-01
  1.7653146e-01
  3.5986307e-01
  6.5635733e-02
  2.8476046e-02
  8.4654671e-01
  3.6360976e-01
  9.6746778e-01
  1.1425002e-01
 -1.0966683e-02
 -7.7218376e-02
 -3.6971189e-02
 -2.3617825e-01
 -2.7755782e-02
  9.5072180e-01
  3.5425469e-02
 -5.9183389e-01
  4.2377663e-01
 -8.1985146e-01
  1.5944779e-01
  3.8290173e-01
  1.1493982e-01
  2.9104766e-01
  6.9835824e-01
  6.1465788e-01
  2.2539535e+00
  1.4314301e+00
  3.2946818e-02
  8.6258769e-02
 -5.6581080e-01
 -5.5628073e-01
 -6.3097775e-01
 -4.4594282e-01
 -1.0281831e+00
  4.4371991e+00
  2.4797990e+00
 -1.7405151e-01
 -4.6403882e-01
  6.9308609e-02
  4.9732652e-02
  7.2216250e-02
  4.1381549e-02
 -9.9980608e-02
  1.9967766e-01
 -1.0903326e-02
 -7.9211339e-02
  2.7800941e+00
 -3.1437257e-01
 -1.8817247e-05
  1.6345503e+00
  1.3811841e+00
  1.1055629e+00
 -1.2145348e+00
  1.0151863e+00
 -1.5830783e+00
  2.2305021e-01
  1.3656480e-02
  2.3353545e-02
  4.0119216e-01
  3.2405236e-01
  6.4911872e-02
 -8.1229821e-02
  2.1386766e-01
  1.6088435e-01
  3.5387702e+00
  1.1826201e-01
 -8.2461387e-02
  9.8309331e-02
  1.5632136e+00
  6.8063897e-01
  1.5941171e-01
  7.6798193e-02
 -6.3762628e-02
  4.6403587e-01
  1.3485705e-02
  3.4386635e-01
  1.0343203e-01
  2.2335095e+00
  1.1670414e+00
 -4.2255029e-01
  1.3937180e-01
 -3.7889998e-02
  3.8062456e-01
  2.6923242e-01
  6.1423808e-02
  1.5146796e-01
  1.7460436e+00
  2.2882001e-01
 -2.6230183e-01
  1.8871751e+00
 -1.3785411e+00
  4.2264518e-01
  1.9058749e-01
  9.3566403e-02
 -1.5088801e-01
 -1.7075267e-01
 -1.0813805e-01
  1.6421917e-01
 -1.8038200e-01
  1.3295759e-01
  6.9365747e-02
 -3.3413368e-01
  2.5665720e+00
 -7.5322166e-02
 -3.9624900e-01
 -2.4098256e+00
  9.1864151e-01
  1.2869515e+00
  1.5457127e+00
 -6.9439262e-02
  8.4736757e-02
 -2.6165870e-01
  6.8274802e-03
 -8.7414938e-01
  1.5741583e+00
 -1.7677867e-01
 -4.2026942e-03
  1.8314561e-01
 -4.4199862e+00
  1.1215522e+00
 -3.6754516e-01
 -1.6313277e-01
  5.6657845e-01
  4.5375500e-02
  1.5205671e+00
  4.6285090e-01
 -1.6770706e-01
  2.3318116e-01
 -1.6440481e+00
 -5.3009766e-01
  5.7007540e-02
  2.8013825e+00
  2.2113845e-01
 -5.4911232e-01
  1.5337948e+00
  2.6162067e-02
  1.0346661e+00
  2.7068841e+00
 -8.0713350e-01
 -3.1897447e-01
 -1.6140729e+00
 -2.0090421e-01
 -5.9749657e-01
  4.5262089e+00
 -1.7323485e-01
  7.2064650e-01
  2.3580433e-01
  4.2922400e-02
  1.7781575e+00
  6.5817870e-02
  2.1460703e-02
 -6.5694094e-02
 -2.6988741e-02
 -3.7079006e-02
  5.6046322e-02
 -1.4934465e-01
 -2.8340511e-02
 -8.7312207e-02
  1.3752817e-01
 -1.0937846e-01
  2.8997527e-02
 -4.4798959e-02
  1.0218889e-01
  6.2549330e-02
  6.7494601e-02
  1.8916627e-03
  6.5431180e-03
 -1.6833210e-01
 -2.3678651e-02
 -3.9984733e-02
  9.1597989e-02
 -5.7492526e-03
  4.2041581e-02
 -2.6211666e-02
 -1.7832490e-02
  6.5201491e-02
 -4.2513151e-02
  9.3604282e-02
  2.6687587e-02
  2.1143057e+00
 -2.5063593e-02
 -4.4810891e-02
 -1.1028976e-02
 -6.7306310e-03
  1.1314183e-01
  4.4132486e-02
  2.2582078e-02
  4.9052885e-01
  1.2177202e-01
 -1.9207054e-04
 -3.0803757e-03
  1.3238807e-01
  5.2667812e-02
  8.7692626e-02
 -1.7971052e-02
 -5.4498059e-01
 -1.4968354e-01
 -2.3022093e-02
 -3.0581826e-02
  1.4105624e-01
  2.2301435e-02
  4.1664168e-02
 -1.5188761e+00
  7.1998596e-02
 -1.0922911e-02
 -1.5688686e-01
 -6.3010037e-04
  5.4759711e-02
  6.4077121e-01
 -1.3798423e+00
 -1.4411242e+00
  8.6992788e-01
  7.3013708e-02
  4.5964542e-01
 -6.7796952e-01
  1.5562057e+00
  6.5472579e-01
 -5.3605989e-02
 -9.3621194e-01
 -1.0707571e-02
 -1.3752096e+00
  1.2978147e+00
  6.0308776e-05
 -3.0078944e-03
  1.0933286e+00
 -5.6661583e-02
  6.2051231e-01
 -4.8158464e-01
  1.1282681e+00
  6.6017821e-02
  2.2148071e-02
  1.2170733e-01
 -1.0635427e+00
 -8.2613873e-01
 -1.1321938e+00
  2.3694206e-02
  3.7945852e-02
  2.0229332e-01
  1.2142538e-01
 -2.9679543e-01
 -1.9866125e-01
  1.1727768e+00
 -3.6176877e+00
  7.3264027e-03
  1.1057703e+00
 -1.0832847e+00
  2.2818826e-01
  8.3015755e-02
  4.3174163e-01
  4.7396338e-01
 -2.2111893e+00
 -1.3724896e+00
  1.4597218e-02
 -1.5202478e-01
 -3.8163185e-02
 -1.5321890e-01
 -6.0015313e-02
 -1.0229321e-01
 -1.7845736e-01
 -2.3705060e-02
  3.8264111e-02
 -5.1995769e-02
  2.0772204e-01
  2.5668871e-02
  2.0905368e+00
 -1.1208067e-01
 -1.3134073e+00
  1.3987306e+00
  2.6458809e+00
  3.7268617e+00
  7.7368200e-01
  2.1188819e+00
  8.6914593e-01
  1.8101472e-02
 -3.5200056e-01
 -7.8067648e-01
  1.1955151e-01
 -4.9161147e-02
 -1.4860274e-03
  8.8884085e-01
 -1.1285591e+00
  7.3260158e-01
 -8.7032992e-01
 -1.2339765e-01
 -8.0309755e-01
  1.2025357e-01
  2.6793973e+00
  7.0359582e-01
 -2.8708646e-01
  5.2849674e-01
  7.6335508e-01
 -2.6679373e-01
 -2.8411704e-01
 -6.3810444e-01
 -5.2874923e-01
  1.2275118e+00
 -4.5772538e-01
 -1.0054756e+00
 -8.1143606e-01
  3.1738368e-01
 -7.8236026e-01
 -2.5703308e-01
  1.7672582e-01
 -1.7921278e-01
 -3.3378372e-01
 -3.3021164e-01
 -2.4550781e-02
 -4.9942884e-01
 -3.3992383e-01
  4.8843857e-02
  9.5321298e-02
 -2.6626369e-02
 -8.2568072e-02
  1.0825387e+00
  9.6321546e-02
 -4.5179497e-02
  1.2644112e-01
  1.3656635e+00
 -7.9362619e-01
  1.3783250e+00
  6.4406943e-01
  1.1009997e-01
 -2.2001920e+00
  5.0878484e-02
  6.7416936e-01
 -3.4773475e-01
  1.5208476e-02
 -2.8236470e+00
 -1.0040735e+00
  4.8788711e-01
  3.6609026e-03
  2.6372304e-02
 -1.1662369e-01
  8.9175284e-01
  2.9847453e+00
 -1.8602931e-01
  1.4792833e-02
  2.7174902e-01
 -1.4985976e+00
  9.8392057e-01
  2.0709186e+00
  7.4530840e-01
  2.4496644e+00
 -3.5199884e-02
 -9.6606380e-01
 -2.6820819e+00
  8.6893159e-01
 -2.7484097e-02
  3.1319970e-01
 -9.6828842e-01
 -7.2736126e-01
  2.5871728e-02
 -1.0566961e+00
 -8.1807023e-01
 -1.9984831e+00
  6.0229525e-03
  1.2123558e-01
  1.7049164e-01
  5.3463143e-01
  1.4920219e+00
  4.6730900e-01
  1.8033830e+00
 -6.6356862e-01
  3.5387391e-01
  1.2067318e-01
  7.9425359e-03
  2.7243369e-03
  2.4769008e-02
  1.0497048e-02
  5.6800246e-02
 -8.8316105e-02
 -1.6857311e-02
  2.3164436e-01
 -2.5357205e-01
 -2.3240073e-01
 -1.3324289e-01
  7.2412664e-01
  1.1772122e+00
 -6.7904189e-02
 -5.0426457e-02
  5.3230602e-01
  1.1109653e-01
  7.8955010e-02
 -7.7561617e-02
  7.6949075e-02
 -5.7350709e-03
 -3.5146275e-01
  5.6913000e-01
 -3.3738041e-01
  1.4951360e-02
 -7.1297920e-01
  1.0310912e-01
 -2.1661547e-01
  3.7939999e-01
  9.8110877e-02
  7.0100147e-01
 -1.0203095e-01
 -2.8316188e-01
 -4.8890680e-02
 -5.3629786e-02
  5.7603437e-02
 -1.9056065e+00
 -2.1775311e-02
 -4.0781226e-02
 -3.1648746e-01
 -6.0657244e-02
 -9.5237657e-02
 -3.0073678e-01
 -1.7139699e-01
  8.5447147e-02
  3.5928854e-01
  1.2936275e-02
  2.8338194e+00
 -2.1995489e-02
 -9.0564623e-02
  3.6883295e-01
 -1.3918994e-01
 -8.1584729e-02
  5.9699729e-02
  5.4377370e-02
  2.3134055e-03
 -3.6773324e-02
 -4.3468423e-02
 -1.1986172e-01
  2.2207450e-02
  2.7035363e-02
 -1.5569356e-01
  3.6163086e-01
  2.8929193e-02
 -7.1539632e-03
  9.3359640e-03
  2.1393998e-01
  1.5387326e-01
  5.2353960e-02
  2.0712439e-02
  6.0034299e-04
 -4.7292307e-02
  9.5159397e-02
 -7.1255326e-02
  4.8413882e-01
 -1.5491874e+00
 -1.1164913e-01
 -6.5384642e-03
 -2.8291075e-02
  8.3468156e-03
  5.7193741e-02
 -6.2719122e-02
  1.7359996e-02
  3.2656133e-02
  1.1067359e-02
  1.0186831e-02
  1.3093346e-01
 -6.4580783e-02
 -2.4532741e-01
  1.3228372e-01
  7.7383439e-03
  3.8424075e-02
  4.7152013e-01
  1.1835853e-01
 -6.4159505e-02
  7.6564468e-02
 -8.3894126e-02
 -6.9668889e-02
  8.8703397e-05
  1.6523659e-01
 -3.7376478e-02
  9.0259612e-02
 -1.6894494e-01
  4.9692649e-02
  8.2509406e-02
 -9.6630558e-02
  6.0438935e-02
  2.0196574e-02
 -9.3042746e-02
  5.1884718e-02
  7.1116462e-02
  1.1992110e-03
  7.9789214e-02
  1.3425617e-01
  8.8685779e-03
 -1.8863885e-01
  1.0848197e-03
  1.2707850e+00
 -2.6017389e-01
 -1.5385292e-01
  5.5561829e-02
  2.4425559e-01
  1.2008595e-01
 -1.6905247e-01
 -2.1406573e-01
 -4.3088619e-02
 -3.7572676e-01
  5.0896034e-02
  4.8030078e-02
  4.8074558e-02
 -4.3028407e-02
  1.1353824e-01
 -5.3842802e-02
  1.9996064e-02
 -4.9333140e-02
  1.8094233e-03
  9.9097148e-02
  1.5301692e-01
  3.0604880e-02
 -5.4732978e-02
 -3.4161299e-03
  2.2430588e-01
  3.4470655e-02
  2.1352176e-02
 -4.3389358e-02
 -1.1591490e-01
  7.6803046e-01
  6.6204313e-03
 -4.1254107e-02
 -1.1469854e-01
  9.5523424e-02
 -1.3475125e-01
  5.2248001e-02
  9.5074058e-02
  1.5886922e-01
  7.9353586e-02
 -9.2508212e-02
  2.7460951e-02
  1.2319034e-01
 -5.2763201e-02
  7.7204285e-03
  2.2722352e-01
 -3.2738242e-02
  7.3849849e-02
  8.3619338e-03
 -8.6441681e-02
 -3.0269879e-01
 -1.5476629e-01
 -2.3008352e-02
  2.3832308e-01
  2.8566322e-01
  1.8559882e-03
 -1.0307744e-02
  4.6455447e-02
  1.5519872e+00
 -1.9128512e-01
  7.8929096e-02
 -1.1370926e-01
  1.2037094e-01
 -4.0421538e-02
  9.7749773e-03
  1.3374779e-01
  1.7293365e-01
  1.0900383e-01
 -1.4937483e-01
  3.0973086e-01
 -1.5818892e-02
  1.0739676e-02
 -1.2646493e-02
 -1.6546741e-02
 -3.8536448e-02
 -2.5053184e-02
  5.0510027e-02
  2.5749093e-01
 -8.5319765e-02
  1.8156258e+00
  1.6934153e-02
  1.7196264e-02
  1.7054960e-02
  3.2640584e-02
  3.1748030e-01
  7.7427842e-02
  6.6219203e-02
  8.3707653e-02
  1.4480045e-01
  2.0600194e-02
  2.0174435e-01
  8.6208194e-02
  1.9102450e-02
 -4.6768554e-02
 -1.5743827e-02
  1.9632669e-02
 -1.5341933e-03
 -7.8890927e-02
  1.7535149e-01
 -3.3050641e-01
  6.1994001e-02
  3.4804966e-02
  4.1634729e-03
  2.7820397e-02
  6.4060874e-02
  9.4287977e-02
 -1.3104931e-02
 -1.8527265e-01
  7.1730024e-01
  8.4709965e-02
  1.9479521e-02
  9.3308957e-03
  6.4673263e-01
 -1.2302260e-02
 -3.1174744e-02
  1.4939088e-02
 -3.5952588e-03
  5.7006404e-02
 -2.3518385e-02
  4.9407603e-03
  9.7774342e-02
 -6.2968619e-02
 -1.0091317e-01
  2.4089327e-02
  8.9800633e-02
 -7.1526222e-02
 -1.6190728e-02
  1.2566704e-01
  9.2073433e-02
  1.3418923e-01
 -6.1385822e-02
 -1.5053733e-01
 -3.1672046e-02
  3.3208270e-02
  1.7882983e-01
  3.9848063e-02
  3.0623078e-02
  3.3389144e-03
  1.2338668e-01
  2.5675334e-02
 -6.8933107e-02
 -1.0629783e-01
 -4.1827478e-02
  1.6214073e-01
  6.5970689e-02
 -7.3373929e-04
  6.8780050e-02
  1.4284663e-01
 -1.9136003e-01
 -9.9902842e-03
  7.3866218e-02
  7.8207083e-02
 -5.9945703e-02
 -2.4024215e-01
  4.9151920e-02
  1.4595529e-02
  1.6800763e-01
  2.7923868e+00
 -1.4889556e-02
  4.0708671e+00
 -9.9288106e-01
  1.5590208e+00
  2.1730082e+00
  1.0385129e+00
 -1.0233288e+00
  2.3332851e+00
 -3.1046958e+00
 -7.9388785e-01
 -1.4715628e-01
 -2.2301494e-01
 -9.4579928e-02
  1.7106505e-01
 -2.6434371e-01
 -1.6522271e-03
 -2.2882494e-01
  2.2360726e-01
  5.1588798e-01
 -1.6520929e-01
 -2.7130395e-01
 -9.8541006e-02
 -2.9818788e-02
  1.0497045e-01
  3.7027612e-01
 -2.6938051e-01
  8.3199817e-01
 -1.5161774e-02
 -3.6618927e-01
 -1.2769101e-02
  3.2479162e-03
  2.7720394e-02
 -2.4806082e+00
 -2.8775573e-01
 -7.5792603e-02
  6.6638738e-01
 -5.5870549e-03
 -1.2592123e+00
 -6.9748526e-03
 -4.8037300e-01
  1.4873853e-01
 -3.7736297e-01
  1.0581741e+00
 -4.1289706e+00
  5.4424953e-02
 -4.7727291e-02
  2.1781874e+00
  1.5724152e-02
  8.7863728e-03
  4.4639800e-02
  8.3995191e-03
 -1.4983927e+00
  7.7826083e-02
  2.4135187e-01
 -9.5114097e-02
  1.7632248e-01
  2.2456934e+00
  1.8846627e-01
  1.3952683e-01
  1.6047913e+00
 -7.6522928e-01
 -2.5704399e-01
 -1.3734570e+00
  2.8982207e-02
 -1.3787718e-01
  3.7735913e-02
  1.8052721e-01
  3.2623947e-01
 -1.1430253e-01
  6.9319509e-02
  2.1282035e-01
 -1.4173824e-01
 -2.3633404e-01
  1.0432959e-01
 -8.8836700e-01
 -1.5669584e+00
 -2.3173122e-01
  4.8462519e-01
  4.7559757e-02
  8.1854057e-01
  2.5875148e-01
  1.2076186e-01
 -1.6204732e-02
 -3.4257299e-01
 -6.2506932e-01
  7.1448112e-01
 -6.6671395e-01
  5.1552939e-01
  9.9874175e-01
  2.7407593e-01
  6.8634999e-01
  4.6934530e-02
  8.4435201e-01
 -1.3543711e-02
 -2.5257593e-01
  7.2445846e-01
  9.4880961e-02
  4.1190658e+00
 -4.7954397e+00
 -1.6402498e-01
  1.2582934e+00
  3.2060005e-02
  1.2581536e-01
  7.6186132e-01
 -1.6302655e-02
 -1.8651310e-01
 -1.5127799e-02
  1.4011380e-01
 -2.5672191e-03
 -7.6386786e-01
  8.9782113e-01
  4.0220025e-01
 -8.4390551e-02
  1.7785993e+00
 -4.8927692e-01
 -4.5796700e+00
  1.3742028e+00
  1.2180089e+00
 -1.2253326e+00
 -1.1496667e+00
 -3.1884720e+00
 -1.0938027e+00
 -4.9337769e-01
  1.1930073e+00
 -1.1115322e+00
  1.5548055e+00
  1.9441049e+00
  2.3982832e+00
 -1.7954372e-01
 -3.8260184e-02
 -1.0544125e+00
  1.7608876e+00
  2.1236196e-01
  1.2825389e-02
  4.7221937e+00
  4.5968726e-01
  7.7468830e-01
 -1.2764558e+00
  1.4419564e+00
 -5.8979541e-01
  3.7200356e-01
  1.3383173e+00
  5.6020731e-01
  5.4264951e-01
 -8.8649899e-01
  3.4953374e-01
 -1.4526547e+00
  6.7313510e-01
  2.9423249e+00
 -6.4837048e-03
  4.6509963e-01
  3.2828693e+00
  7.9592711e-01
 -4.4815101e-02
 -3.3554821e+00
  4.2704883e-01
 -3.2088761e+00
 -1.1227403e-01
  1.3064616e+00
  5.1359430e-02
  1.9330628e-02
 -1.2880929e+00
  9.2654288e-02
 -3.0841466e-02
 -6.4251190e-01
  9.1168337e-02
 -4.0043481e-02
  7.1489567e-01
  1.5425366e-01
 -3.8902618e-02
  3.0087930e-01
  1.7191724e-01
  8.5170723e-02
  6.1210018e-01
 -3.4162011e-02
 -2.5749205e-02
 -8.6348243e-02
 -3.2165241e-01
 -8.2902223e-02
  2.7300199e-02
 -6.6617936e-02
 -7.5105107e-01
 -4.4839554e-02
 -4.2293701e-02
 -1.4126369e-01
 -3.2594439e-02
  2.4381733e-02
 -3.7685403e-01
 -9.7260892e-02
 -6.4709567e-02
  7.8926988e-02
 -1.1457750e-02
  1.1952229e-01
  3.7590325e-02
  1.2356531e-01
  1.2827660e-01
  2.3943061e-01
  5.6815472e-02
  1.1388507e-01
  1.2285672e-01
 -4.9390409e-02
  3.1473777e+00
  8.0441423e-02
 -2.1550611e-01
  1.7275667e-01
  1.5745579e-01
  4.9443144e-02
  1.0259971e-02
  3.0225687e-02
  2.1877612e-01
  2.3308730e-02
 -1.6313900e-01
 -1.2165619e-01
  3.2627046e-02
 -1.5969108e-01
 -7.8921646e-02
  1.4270104e-01
 -5.1326510e-02
 -2.9241985e-01
  4.0676829e-01
  9.7127467e-01
 -6.0354143e-01
 -1.1066324e-01
  2.2715530e+00
 -2.2775476e+00
  8.7844253e-01
  3.2575358e-02
  2.3657590e-02
 -2.3170328e-01
 -3.5399380e-01
 -3.2446250e-01
  7.4096718e-03
 -2.0399770e-01
  1.0331232e-01
 -1.4242551e-01
  4.7152537e-01
  2.5663111e-02
  1.5993147e-01
  3.3903085e-03
 -1.0294995e+00
  5.0209720e-02
 -3.3335708e-02
 -1.9301310e-02
 -2.0655324e-01
  2.4711039e+00
  5.2201575e-01
 -2.9589162e+00
 -6.2602036e-02
  7.8344740e-02
 -9.4361401e-01
  1.6515646e+00
 -1.7648345e-01
  5.2322812e-02
  5.0290936e-01
  1.9119251e-01
  1.1491941e+00
  9.2508212e-02
  9.0485650e-01
 -2.6667047e+00
 -9.7244292e-01
 -2.0249090e+00
 -6.5520847e-01
  6.1098790e-01
 -1.1219107e-01
 -3.3021189e-04
 -1.6790654e-01
 -6.2399983e-02
 -7.7939689e-02
  5.4834895e-02
 -9.2093587e-02
  2.5833747e-01
  3.8052234e-01
 -4.9488517e-03
 -2.5616260e-02
  1.1122649e-01
 -7.2967699e-03
  1.6268049e-01
 -6.0214978e-01
 -5.3944725e-01
  1.0610765e-01
 -1.5237297e-02
 -9.6627630e-02
  2.7506718e-01
 -1.7884287e-01
 -8.1208721e-02
 -2.4226937e-02
  6.3398898e-02
 -6.5055124e-02
  1.1436831e-01
  2.0936511e+00
  5.7226539e-02
  6.2906593e-02
  4.8101034e-02
  9.8424740e-02
 -2.3708137e-02
 -4.7965676e-02
 -3.0687213e-02
 -3.7702700e-01
  2.3071285e-02
  1.0799537e+00
  5.4870239e-03
  4.7953565e-02
  1.0529660e-01
  7.5581521e-02
  2.4431799e-01
  1.4235640e-01
 -3.2380357e-02
  4.6233252e-01
  1.3403304e-01
  4.6338096e-02
  7.5307749e-02
  7.3646069e-01
  3.9215901e-01
 -1.1391839e-01
 -1.3185899e-01
  4.1734114e-02
 -3.0507702e-02
 -1.0716069e-01
 -1.1864228e-01
 -1.6201115e-01
 -9.8398544e-02
 -4.5406435e-02
  5.3648744e-02
  7.8660272e-02
 -7.2281761e-03
  2.7239756e-03
  7.4952252e-02
  9.7804368e-02
  1.0864046e-01
 -1.0560023e-01
  3.5375685e-03
 -5.4216250e-03
  1.2727227e-02
 -9.1766529e-02
 -1.7470421e-01
 -4.3871365e-02
  4.0058672e-02
  2.4624388e-01
 -6.0929474e-03
  3.1631958e-02
 -3.6849357e-02
 -1.4377162e+00
 -1.9451238e-02
  6.4985757e-03
 -1.0939820e-01
 -1.4210266e-01
 -4.8076425e-02
 -2.2132809e-03
 -4.7240872e-02
 -1.0513104e-01
  7.0354111e-02
  4.5501254e-02
  9.2059663e-03
  4.1140113e-03
  2.0903690e-02
 -1.4198618e-02
  9.1986805e-01
  1.0247061e-01
 -1.4094917e-01
 -8.4423207e-02
  2.1374833e-02
 -3.4331787e-02
  5.0411649e-02
  5.3197306e-02
 -5.2280653e-02
  5.9086766e-02
 -5.3500667e-02
 -3.2641888e-03
 -7.5076319e-02
 -6.0662325e-02
  2.2351439e-03
  9.4746865e-02
 -8.1519432e-02
  9.1003887e-02
 -9.5008932e-02
 -1.1685226e-01
 -1.7888211e+00
 -1.0526382e-01
  1.0204311e-01
  8.1231302e-01
 -1.1993121e-01
  2.1507245e-01
  2.9963657e-01
  5.3221560e-01
 -5.1300317e-01
  7.6829326e-01
 -8.8201576e-01
  2.6402932e-02
  1.1907479e+00
 -1.2586385e-02
 -1.2013315e-01
  6.8026614e-01
 -9.7903155e-02
  5.3763074e-01
  5.6994051e-01
  1.7671545e+00
 -4.7954014e-03
 -1.8867473e-01
  1.7311943e-01
  5.5379087e-01
  2.3336078e-01
  7.9483283e-01
 -3.2788601e-02
  9.4811702e-01
  1.6474719e-01
  2.6006833e-02
 -1.7960154e-02
 -1.2460275e+00
 -5.0070421e-03
  5.5790160e-02
  2.1310771e+00
  1.0921221e-01
 -1.3940719e+00
  4.7927186e-01
  1.0508240e+00
 -8.8891499e-02
  1.9095369e-01
  7.8279652e-02
 -1.3755907e-02
  3.8209555e-01
  9.2472084e-02
 -7.8746504e-01
  1.3230231e-01
  5.2319515e-02
 -3.6839834e-01
 -7.1735990e-01
  9.8033959e-01
 -6.0772259e-02
 -1.9372454e-01
 -2.4998892e-02
  1.1701165e-01
 -9.9412305e-03
 -1.5493980e-01
 -1.0871823e-01
 -1.3955849e-01
  6.2996008e-02
  8.5216576e-01
 -6.3492620e-01
 -7.6406367e-02
  1.2660067e+00
  3.4351852e-02
 -1.2945409e-01
  1.5002581e-01
 -2.1215355e-02
  2.5450356e-02
 -4.4704054e-02
  9.4044067e-02
  4.6610713e-02
 -2.3305632e-01
 -9.5947285e-04
  1.4627719e-01
  6.5914065e-02
  1.7346587e-02
 -1.3740866e+00
 -7.2021419e-01
  3.1203056e-02
 -2.3445335e-01
  6.6258900e-02
  3.6457386e-02
 -1.2078590e-02
 -1.7136995e-01
 -1.9607566e-02
 -1.5502626e-01
  1.6750507e-02
 -2.4190126e-01
  6.6758357e-02
 -2.1265905e-02
 -3.4766904e-01
  3.2198656e-02
 -1.1048914e-01
  4.8504900e-02
 -2.5339046e-01
 -5.1832031e-02
  4.8046090e-02
  2.3763174e-01
  8.6908638e-02
 -1.6929296e-01
  5.2803501e-02
 -1.6820746e-02
 -3.3781892e-01
  8.6024880e-02
  9.5000029e-02
 -5.1816255e-02
 -3.5456724e+00
  1.2071698e-01
 -2.0431275e-02
 -1.2687109e-01
 -1.5770803e-01
 -6.3187413e-02
  7.6917070e-03
 -1.0190971e+00
  1.5403020e+00
 -3.4746578e-01
  1.1546637e-01
  1.2928278e+00
 -3.2093063e-02
 -1.7509086e-01
 -6.4541511e-02
  1.3629955e-01
  2.1568064e-02
  2.8574780e-01
 -1.3900112e-01
 -9.7831510e-02
  1.1953676e-01
 -6.1307917e-05
 -1.9982271e-01
 -2.5173863e-02
  3.4570683e-02
 -8.5203886e-02
 -8.3426900e-02
  8.3755739e-02
  1.1398178e-02
  2.0548226e-01
 -1.9312432e-01
 -1.0335144e+00
 -4.8394784e-02
 -8.2139209e-02
  1.8278737e-01
  5.5901078e-03
 -2.2098532e-01
  3.5701671e-01
 -3.9860278e-01
  7.5737059e-02
 -1.5544233e-01
  1.7050553e-02
  2.5759214e-01
 -7.0589967e-02
  4.3591964e-01
 -7.4250150e-01
  3.7570883e-02
 -1.5191002e-01
  1.9341687e+00
 -1.8398640e+00
  4.4849742e-02
  1.0335178e-01
  1.2335397e-01
  1.0821914e-01
 -3.9244059e-02
 -9.1721952e-02
  3.2915594e-03
 -5.6054603e-02
  1.1174639e-01
 -6.3426837e-02
 -3.2865496e-03
 -4.5720298e-02
  5.3976890e-02
 -7.0853099e-02
  1.1256332e+00
 -2.5423804e-01
  6.6738427e-02
 -9.2849001e-02
 -1.0332885e-01
 -6.4196333e-02
 -3.1407189e-02
  2.1355484e-02
  7.7730753e-02
 -1.3580832e-01
 -1.6002291e-01
 -1.7311951e-02
  7.6213174e-02
  1.4826563e-01
 -1.0003220e+00
 -5.4725006e-02
 -7.1052112e-02
  4.4233869e-03
  2.4959264e-02
  1.7813565e-02
 -1.2429236e-01
 -1.2266938e-02
 -2.9569019e-02
  4.9935304e-02
  8.8155605e-02
  1.7407460e-02
 -4.1482173e-02
 -2.6797349e+00
 -5.7423990e-02
 -3.3181265e-02
 -1.9144554e-02
  1.3504351e-02
 -1.8545002e-02
 -1.1193314e-01
  3.8227141e-02
 -8.3970092e-03
 -2.7924579e-02
 -3.3391729e-01
  4.6010647e-02
  2.5451314e-01
  1.3373189e+00
  5.3210333e-02
  5.5110000e-02
 -2.0121818e-02
 -2.8033346e-01
  6.9074339e-01
 -4.0732515e-01
  1.1573820e-01
 -8.5187840e-01
  4.3031063e-02
 -1.1746088e-01
  1.4089210e-01
  4.1047877e-01
  3.2149343e+00
  6.0920817e-01
  1.1459661e+00
  4.3318033e-01
 -1.7415154e+00
 -7.6837763e-02
 -2.4458209e-01
  3.4903577e-01
 -3.0486992e-01
 -3.2300782e-01
 -1.1485294e-01
 -8.1796342e-01
  1.9763874e-02
 -6.6457695e-01
 -2.7787971e-01
 -6.9430038e-02
  2.8425591e-02
 -2.7974775e-01
 -2.2240398e-02
 -6.2130427e-01
 -1.1474502e-01
 -2.3676753e+00
  1.4429189e-01
  2.5703511e-01
  3.0155820e-01
  1.6760385e-01
 -2.2275612e+00
 -7.9476583e-01
  2.2885571e+00
  6.5864362e-02
  7.5936362e-02
  7.5959176e-01
 -1.2122568e-01
  3.1394652e-01
 -8.2589276e-02
  7.6592880e-01
 -2.2606115e-01
  1.0299902e-01
 -9.2252390e-03
  2.5906357e-01
 -2.7981257e-01
 -3.3763755e-02
 -3.9680060e-02
  7.7918507e-03
  4.6627334e-01
 -3.4683293e-03
  1.3581848e-01
 -3.9606877e-02
  3.6958035e-02
 -2.3654044e+00
 -7.8510270e-02
 -4.0215614e-01
 -2.8759429e-01
 -1.7174537e+00
 -2.5581193e-01
 -6.2688641e-02
  2.3577812e-03
  4.0500138e-02
 -8.6901681e-03
 -1.3520323e-01
 -5.4407421e-02
  1.3673684e-01
 -4.6327129e-01
 -2.9331323e-02
  1.3424818e-01
 -1.7908259e-01
 -1.0178162e-01
 -1.0686865e+00
 -1.4242506e-01
  9.9807326e-03
  1.7183181e-02
  8.1459619e-02
  1.4203663e-01
  1.1572083e-01
 -2.0216262e-01
 -1.6083805e-01
 -1.2272958e-01
 -1.1284679e-02
 -4.7505495e-01
 -3.1581055e-02
  1.0463908e-01
 -9.8893839e-01
  4.5327334e+00
 -8.0110887e-03
 -3.9130232e-01
  1.5043400e-02
 -1.4129347e-01
  2.1160412e-01
  9.2339804e-03
 -6.0087897e-02
 -6.8512727e-03
  6.9844916e-02
 -2.8366163e-02
  5.4133438e-02
  5.9022129e-02
  4.2121653e-02
  5.4167971e-02
  4.0502310e-02
 -5.9467759e-02
 -2.3787094e-02
  1.4508280e-02
  1.3918985e-01
  7.5108293e-03
  1.5502612e-01
 -9.6781605e-01
 -4.8424450e-01
 -1.1164285e-01
 -1.1921701e+00
 -7.8859478e-01
  3.8163611e-01
 -5.5328751e-01
  1.0447977e+00
  6.1994207e-01
 -3.1213295e-01
  4.7483879e-01
  7.1626896e-01
  1.1379962e+00
  1.9200312e-03
 -7.8750283e-01
  7.6632279e-01
  1.1978985e+00
  2.5636790e+00
  2.8080821e-02
 -1.1801213e+00
 -4.3142474e-01
 -3.9776647e+00
 -2.1351302e-02
  3.7576694e+00
 -5.6929555e-02
  3.8158018e-02
 -4.8367895e-02
 -2.9737499e-01
  3.8042957e-01
  1.2404281e-02
  1.6259465e-01
 -1.7980090e-01
 -3.9560115e+00
 -1.7851365e-01
  2.3648077e-01
  1.2115138e+00
  1.4475612e-01
  6.5735513e-01
 -1.3548643e-02
  2.8230498e+00
 -6.1512709e-01
 -7.2969273e-02
 -9.5560346e-03
 -2.1681672e-01
 -5.7099059e-02
  8.4041688e-04
  8.0148600e-02
  1.1375710e+00
  8.7178178e-02
  1.8293960e-02
  4.2614625e-03
 -3.2285877e-02
 -2.4690937e-02
  1.2487072e+00
  4.7711533e-02
  5.0527006e-02
  6.2631704e-02
 -6.9399796e-02
 -2.0774665e-01
  9.2640612e-03
 -6.2881541e-01
 -1.0627007e-01
 -2.5208655e-01
  3.0751392e-02
  8.7260231e-02
  1.0094956e-02
 -2.1577618e-01
  3.0699965e-02
 -1.2711479e-01
 -7.5771718e-04
 -7.4859291e-02
  8.3196126e-02
  1.3462868e-01
  1.7550899e-02
  2.7043766e-01
 -2.1287970e-02
  2.1870917e-02
  4.2023320e-02
 -1.3326494e-01
  4.3824279e-01
  2.2511068e-01
  3.9403103e-02
 -1.9493569e-01
 -1.7079537e-01
 -7.9750784e-02
  9.3253672e-02
 -3.5780674e-01
  9.8407958e-03
 -1.2451402e-01
 -7.0064533e-01
 -3.2872055e-02
 -1.7371137e-01
  7.1367823e-02
 -1.7773372e-01
  6.9197720e-01
  1.6402900e-02
 -1.0638866e-01
 -4.8110124e-02
  5.9639040e-02
 -1.8723119e-02
  4.4355951e-02
 -1.1547104e+00
 -6.7554563e-02
 -8.5005708e-02
 -2.8871605e-02
 -1.5767293e-02
 -8.6620361e-02
 -1.1459017e-01
  1.8143329e-01
  4.2507255e-01
 -1.5255135e+00
 -7.5807221e-02
  1.4127217e-01
  1.5328096e-02
  2.4654064e+00
 -9.9438810e-01
 -5.6363034e-01
  3.8134858e-01
  1.3108028e-01
 -8.6055361e-02
 -3.6182529e-01
 -9.9036187e-02
  1.7880398e-01
 -6.0918760e-01
 -2.4167338e-02
 -1.2518543e-01
  2.0631419e-01
  5.8033609e-01
  1.3025501e+00
  2.4746858e-01
 -1.5613760e-01
 -2.0126407e+00
 -7.5427979e-01
 -1.4416686e+00
 -9.8773241e-01
 -4.2343739e-01
  1.3268693e-01
  1.9908656e-01
  2.2190653e-01
  1.1102504e+00
  1.4095929e+00
  4.0507698e-01
 -1.9078201e-01
  1.1119730e+00
 -2.9137960e-01
  9.5085758e-01
 -3.8029733e-01
  3.9746517e-01
  1.0478859e+00
 -7.5351757e-01
  5.0534762e-02
 -1.9257478e+00
 -4.2667398e-01
  3.6212552e-01
 -8.6045153e-02
 -6.3219452e-01
  3.3075656e-03
 -2.3543329e+00
 -3.4829283e-01
  2.8264177e-01
 -3.6842495e-01
  6.2496233e-01
 -1.6946770e-01
 -6.9603391e+00
 -2.6069937e+00
  4.4481075e-01
 -6.2414342e-01
 -1.9132031e+00
 -2.4484205e+00
 -2.2469494e+00
  4.0557441e-01
 -2.3942648e-01
  1.8680807e-02
  2.3670895e-01
  1.9287552e+00
 -1.0913368e-01
  2.9497415e-01
 -1.8866280e-02
  6.8384379e-01
 -8.2320012e-02
  5.6685720e-02
  1.7263208e-01
  1.9612456e-02
  4.1580476e-02
  6.9661597e-03
 -1.4514523e+00
 -1.4264412e-01
  6.2630035e-02
 -1.5891287e+00
 -1.7325188e-01
 -9.5718372e-01
 -1.3827667e-01
  2.0359578e+00
 -4.9309626e-02
  9.1183716e-01
 -1.4750813e+00
 -1.6099197e-01
 -1.3574916e+00
 -4.6173699e-02
 -1.4117553e-02
 -7.2786279e-02
  6.7164636e-01
 -1.4746989e+00
 -3.5686675e-02
 -1.6284815e+00
 -1.5182316e-02
  1.5377317e-01
 -1.3381651e-01
 -3.5516657e-02
 -3.6282327e-02
  8.9436816e-03
 -1.8526848e-01
 -1.9424894e-01
 -6.6616140e-02
  5.0317742e-02
  7.3188178e-02
  8.8979919e-03
  6.8330586e-02
  1.9211619e-01
  6.7540921e-02
 -1.4161811e-02
  6.5553623e-01
  1.0374309e-01
  4.6919146e-01
 -4.5268834e-02
 -3.8518183e-02
 -1.3016163e-01
  1.7345538e-02
  7.3059589e-02
 -4.9869813e-02
  4.5232259e-02
 -1.1999836e-02
 -3.1566063e-01
  2.5204713e-02
 -1.1055441e-02
  9.2993435e-03
  6.3130505e-02
  6.8332978e-02
  9.4519593e-03
  2.7875865e-02
  2.7255466e-02
  1.4579314e-02
 -8.8284856e-01
 -1.7942433e-01
 -9.7645187e-01
  1.1875650e-01
  2.7536873e-02
 -7.2255253e-04
  2.0102388e-01
  6.0662720e-02
 -3.4335572e-01
  1.3356226e-03
 -8.4578775e-02
 -9.8499782e-02
  1.5813292e-03
  9.2678778e-02
 -4.9421331e-01
 -6.0509834e-03
  8.3262008e-03
  8.9717142e-02
  2.0210771e-02
  3.8993224e-03
  1.9949335e-01
  1.5693257e-03
  5.5239856e-02
 -3.3103511e-02
 -5.9077587e-02
  7.3874287e-02
 -7.6220281e-02
 -1.3769375e-01
 -8.8620293e-01
 -1.8092749e+00
  8.9351690e-01
 -2.2057676e+00
  1.5304530e+00
 -4.1778019e-01
  1.7428217e+00
 -9.2146387e-03
  7.6193619e-01
 -6.5590596e-01
  2.0713980e+00
  2.3798788e-01
 -1.1491610e+00
  2.7406757e+00
 -1.3177382e+00
 -6.2107933e-01
 -9.2687929e-01
 -8.9046717e-02
  1.0333631e-01
  3.0724025e+00
  8.4041005e-01
  1.2287183e+00
 -2.3182287e+00
 -1.1779791e+00
  1.2581772e-01
 -2.2362885e+00
 -1.0260435e+00
 -3.2942730e-01
 -2.8776649e-01
 -1.6124016e+00
 -1.1555911e+00
 -3.3087308e+00
 -1.4707959e+00
  5.0712538e-01
 -1.2434173e-01
  1.5932062e+00
 -3.2557195e-01
 -2.8568957e+00
  1.9336795e+00
  1.5522413e+00
  4.1441670e-01
 -7.7725720e-01
  1.3634591e-01
  1.3015668e+00
 -3.7785906e-01
  8.9723736e-01
 -9.2412168e-01
  6.6362333e-01
 -1.6305283e+00
 -9.0169579e-01
 -1.5624213e+00
  6.9166744e-01
 -3.4009939e-01
 -1.5062478e+00
 -2.8312495e-01
  1.2675805e+00
 -2.7405301e-01
 -3.3222582e-02
  1.9997716e-01
 -7.8413385e-01
  1.7780883e+00
 -5.6440449e-01
 -2.4695945e-01
 -5.5484548e-02
 -1.7200032e+00
 -1.2027614e+00
  1.9924347e-01
 -5.9158850e-01
 -3.5246095e-01
 -9.5863110e-01
 -6.4726913e-01
  5.8134395e-01
 -5.5322164e-01
 -1.2103529e+00
  7.6753259e-01
  1.6392003e+00
  3.2438049e-01
 -5.6503329e-02
 -1.0889316e-01
 -8.6531377e-01
 -1.5471511e-01
 -4.3769762e-01
  1.3459455e+00
 -1.5393541e+00
 -5.2916583e-02
 -1.6288565e-01
 -1.1866905e-01
 -4.3801039e-01
  1.6836729e+00
  1.6900140e-01
  9.6133061e-02
  3.6542982e-02
 -3.1735414e-01
  6.5528393e-02
  2.1952857e-01
  1.3155337e-01
  1.6733499e+00
 -4.3723595e-01
 -1.0714462e-01
  6.3892022e-02
  8.1224144e-01
 -1.2385128e+00
  4.5079100e-01
 -5.7359350e-01
 -9.9635750e-01
  2.2776552e-02
 -3.3947558e+00
  1.2674316e+00
 -1.2239987e+00
  4.5051849e-03
  3.1292620e+00
  1.0738402e-01
  1.5624152e+00
 -1.1150078e-01
  1.0450369e+00
 -4.6649046e-02
  1.9736384e+00
  1.7312850e-01
 -3.2197011e+00
 -1.7177832e+00
  3.6718231e-02
  9.1494970e-02
 -2.3102659e-01
 -1.2795038e+00
  8.2668883e-01
 -6.2326626e-03
 -1.5049273e+00
  7.9841948e-01
  8.1663638e-01
 -5.8144718e-02
 -1.7221923e+00
  8.3269125e-01
 -2.5696232e+00
  2.5929816e-02
 -1.9488555e+00
 -1.7687355e-01
  3.2584145e+00
  1.7105247e-01
 -2.8143728e+00
  1.5666391e+00
  1.7101486e-01
 -6.5165299e-01
  6.3133031e-01
  2.8909500e+00
 -7.7860695e-01
  8.8295275e-01
  4.1478634e+00
 -7.4857950e-01
 -1.2194648e+00
  1.7544895e-01
  2.6311462e+00
 -2.9647726e-01
 -1.3564153e+00
 -2.9967282e+00
  1.6497539e+00
  1.2587882e+00
 -1.6418189e+00
 -5.0679087e-03
 -2.5903955e+00
 -1.0132999e+00
  3.7128732e-01
 -4.5370442e-01
 -3.5895052e+00
 -1.4558471e+00
 -1.1710711e+00
  1.1321049e+00
  2.3055532e+00
 -1.2010970e+00
 -2.4913752e+00
  6.9159389e-02
 -5.0428617e-01
  1.7193633e+00
 -7.1395135e-01
 -2.5682259e-01
 -4.0334061e-01
 -9.2323953e-01
 -2.9532000e-01
 -2.1423528e+00
  3.7503546e-01
 -3.0448258e+00
  2.0200541e+00
 -1.7295787e+00
  1.1573139e+00
  2.7930222e+00
  1.6498345e+00
 -8.9649826e-02
  9.4753659e-01
 -4.3933463e-01
  4.8053956e-01
  2.1602356e+00
  2.2898293e+00
 -9.7508115e-01
  1.2478487e-01
  5.3133076e-01
  4.6493244e-01
  4.0367475e-01
  3.7094742e-01
 -2.0544660e-01
  3.6430952e-01
 -8.3456987e-01
  1.5172627e+00
  1.8494998e+00
 -1.3559090e+00
 -7.7278918e-01
  1.2276870e+00
 -1.5542201e+00
 -1.0542946e+00
 -2.7816522e-01
  1.7430253e+00
 -1.8302975e-02
 -4.5896926e+00
  1.0971314e+00
  7.7564347e-01
 -1.0009073e-01
  4.4849339e+00
 -6.1600241e-03
  8.5826981e-01
 -9.6448702e-01
  1.1760863e+00
 -5.2251673e-01
  1.2201787e+00
  2.3440855e+00
  7.0205414e-01
  2.4141655e+00
  2.9471862e+00
 -2.5193498e-01
  6.7594486e-01
  8.0068491e-02
 -3.4920499e-01
  8.9472413e-01
  1.3797870e+00
  2.6194961e+00
  1.0982459e+00
  2.0826845e+00
  3.1413314e+00
 -8.6874865e-02
  7.5147808e-01
  9.6254617e-01
 -5.0312624e+00
 -1.8060476e+00
  1.9154212e+00
 -3.7468868e-01
 -2.7522418e+00
 -2.1117661e+00
 -2.3759909e+00
 -3.8826498e-01
 -1.7852594e+00
  3.7999108e-02
 -9.0436256e-01
  1.0583271e+00
 -1.5115929e+00
  5.8966303e-01
 -8.7946361e-01
 -7.3297483e-01
 -2.4638303e-01
  1.1856937e+00
 -2.2577517e-01
 -8.8053226e-01
 -1.0998611e+00
  2.9077525e+00
 -1.3668578e+00
 -2.5446665e-02
 -1.1394242e+00
  1.5863944e+00
 -2.7286154e-01
 -2.8270572e-01
 -3.4508035e-01
 -4.1070457e+00
  1.1554160e+00
  6.4734392e-02
 -1.9275393e-01
  8.4461439e-01
 -6.0815537e-01
  2.7896607e-01
 -3.3895967e+00
  1.8861845e+00
 -1.8109567e+00
 -8.3139324e-01
  1.5606415e-01
  2.2106965e+00
 -2.3113272e+00
 -1.6599664e-01
  2.0838337e+00
  6.0359132e-01
 -1.6183761e+00
 -1.2598903e+00
  4.5968986e+00
 -9.6676761e-01
  5.0351236e-02
  3.8232440e-01
 -1.0713202e+00
 -2.9097564e+00
 -1.7594672e+00
  1.8714397e+00
  5.2806062e-01
  2.7291896e+00
 -1.1486620e+00
 -9.2251188e-01
  2.6174805e-01
  4.0016528e-02
  1.4335976e+00
  1.2200942e+00
 -6.0384285e-01
  9.1585845e-02
 -2.9987332e-01
  1.6736518e+00
  5.9675615e-02
 -7.7452374e-01
 -1.3956944e+00
  3.4309292e+00
 -1.4055045e-02
  1.5281289e+00
 -3.9167106e+00
 -2.6698082e-03
 -6.7338757e-02
  2.4129786e+00
 -1.4267828e+00
 -1.0422413e+00
  5.0239440e-02
  2.7772757e-01
  3.9868477e-01
 -7.1272910e-01
 -1.2240121e+00
  1.2072694e+00
  4.0399036e-01
  2.2697142e-01
 -8.1281614e-01
  7.9880077e-01
  9.2080408e-01
 -1.3727857e-01
  5.3496897e-01
 -4.4790033e-02
  9.4146502e-01
  1.0062871e+00
  1.9295846e+00
  1.3751955e+00
  1.8191434e+00
  4.6764603e-01
 -6.1911799e-02
  6.3804284e-02
  2.7944392e-01
 -7.7956311e-02
  4.3931738e-02
 -1.3320067e-02
 -1.1020187e+00
 -3.5638006e+00
  2.2889771e+00
  5.8561230e-01
 -5.1990428e+00
 -6.1551934e-01
  1.1906874e+00
  4.6970794e-01
 -1.9755516e+00
 -1.6133747e+00
 -6.6392583e-01
 -6.0782588e-01
  3.3624816e-01
  2.0517315e-01
 -1.1807394e+00
  5.4771367e-02
 -3.9189190e-02
 -2.3101008e+00
 -3.9339697e-01
  2.0029941e+00
 -7.7481413e-01
 -1.8099308e-03
  2.1552582e+00
  2.1554985e+00
  3.2810250e-01
  1.4832045e+00
 -2.8930199e+00
 -1.3695660e+00
 -2.1533674e-02
  5.8823109e-01
  4.9770167e-01
 -2.0784855e+00
  2.2994180e+00
  1.1533467e+00
  5.5468621e+00
  2.7909029e-01
 -2.3142565e-02
  9.8189497e-01
  1.4926022e+00
  3.0414903e-01
 -3.7377772e+00
  1.2272331e+00
 -1.8002415e+00
 -3.6735563e-03
 -1.9224261e+00
 -4.1510001e-01
 -2.5054592e-01
 -6.0926384e-01
 -1.6188104e+00
  1.0412670e+00
  1.9734433e+00
  3.8974485e+00
  9.5868832e-01
  7.8464431e-01
  7.3470658e-01
  7.2396290e-01
 -4.5840207e-01
  1.1809497e-01
 -2.7230319e-01
 -2.8429270e+00
  8.7891191e-01
 -3.5263509e-01
 -1.9273078e+00
  6.2711710e-01
 -1.7970672e+00
 -3.3281568e-01
 -6.0819574e-02
  1.7708376e-01
 -1.0571148e+00
  1.2303205e+00
  2.3407314e+00
 -2.1545246e+00
  2.4605532e+00
 -1.2470108e-01
 -5.3121901e+00
  1.0578802e+00
 -2.1388259e+00
 -6.0762179e-01
 -1.4600706e-01
  3.4044319e-01
 -2.2713478e-01
  2.3873398e+00
 -3.8370842e-01
  2.0923913e+00
 -4.2606023e-01
 -1.4395051e+00
 -7.0594330e+00
  3.5963039e+00
 -1.0202560e+00
 -3.4713094e+00
 -2.7347727e+00
 -6.2749583e-01
  3.4134101e-02
  8.8356835e-01
  1.9431343e+00
  2.3325153e-01
 -2.1853662e+00
  2.3990085e-02
 -2.7181251e+00
  3.1625295e+00
  3.0895467e+00
 -3.2352755e+00
 -1.3249393e+00
  1.3074896e+00
  1.6024168e+00
 -7.6249778e-01
  6.6798699e-01
 -1.7229731e+00
  7.1084088e-01
  2.1813305e-01
  3.3715367e+00
 -4.1327596e-01
 -5.6523043e-01
 -1.4089749e+00
  1.4930928e+00
  1.8745910e+00
 -7.8969777e-01
  2.4968393e+00
  9.5747983e-01
  1.1741627e+00
 -6.1735553e-01
  1.8722700e+00
  2.3047705e+00
 -8.4370631e-01
  2.2831755e+00
  7.0973670e-01
  1.5167228e+00
  2.0397242e-02
  3.8988921e-01
  6.8133944e-01
  7.7469856e-01
 -2.4909697e-01
 -1.8921013e+00
 -1.6539358e+00
 -9.3273216e-01
 -7.7850080e-01
 -4.9644276e-01
 -3.4239411e+00
  1.5324314e-01
 -6.0209829e-01
  6.5731311e-01
  2.1187756e+00
 -1.0883632e+00
  2.2440081e+00
 -2.8183095e+00
 -3.2695613e+00
 -2.1917386e-01
 -6.4946306e-01
  1.5470748e+00
  5.2476531e-01
  1.9176036e+00
  5.1494068e-01
  2.4596710e+00
 -7.4343789e-01
  4.9259791e-01
  1.2898890e+00
 -1.0672909e+00
  1.7831007e-01
  2.2445454e-01
 -9.5725590e-01
  7.3264194e-01
  1.6642475e+00
  4.7554162e-01
  3.4885161e+00
 -1.1419642e+00
  1.2197013e+00
  5.2376312e-01
  2.2364388e+00
  2.6805750e-01
 -1.7693467e+00
  2.2519195e+00
  1.3686975e+00
  9.5181692e-01
 -4.8376042e-01
 -5.2086809e-03
  8.3719146e-01
  1.0307183e+00
 -2.6720183e-02
  1.6724806e-01
 -2.6731059e-01
  7.9173619e-01
  8.7776589e-01
 -6.4076388e-01
  1.6434208e+00
 -3.1869069e-01
  2.1960609e+00
  4.3440515e-01
  1.6566107e+00
 -7.9478645e-01
  1.1285285e+00
 -1.3869734e+00
 -3.7215355e-01
  1.1543654e+00
  4.0650420e+00
 -2.8627391e+00
  1.6888196e+00
  4.9846819e-01
 -8.0247998e-01
 -7.8536868e-01
  3.1579800e+00
 -4.6916285e-01
  2.2470425e-01
  1.9763720e+00
 -2.1328564e+00
 -1.0555613e+00
 -9.8255348e-01
  6.8020672e-01
 -7.6918191e-01
 -2.1216054e+00
 -3.8603380e-02
 -3.0754278e+00
 -1.6655127e+00
 -1.1260153e+00
 -2.4743150e-01
  6.9494212e-01
  1.7045625e+00
  1.3898003e+00
 -2.8274326e+00
  1.2837301e+00
 -3.2130292e-01
 -3.4254415e+00
  9.0953243e-01
 -2.3352582e+00
  1.7045926e-02
  7.5530648e-02
  8.7602168e-01
  2.4980755e-01
 -5.1560227e-02
 -2.1637149e-02
  3.3405104e-01
  4.9458942e-01
 -5.4552531e-01
  1.3335474e-01
  8.5977817e-01
 -1.7628068e+00
  2.6410418e+00
  1.1907411e+00
  1.1215130e+00
  2.5692689e+00
  3.8125631e-01
  6.7722994e-01
 -6.6936594e-01
 -1.1427271e-01
 -8.8205928e-01
 -2.2788184e+00
  1.8265003e+00
  3.0080521e-01
 -2.2422538e+00
 -1.5401171e-02
  4.6969071e-01
 -1.9563188e-01
  2.5776215e+00
  8.3051509e-01
 -1.2369449e+00
 -3.7914729e-01
 -2.4142232e+00
 -2.2081532e+00
  3.7175479e+00
  4.7147048e-01
 -2.2953935e+00
 -5.3702900e-03
  1.1115142e+00
 -4.5763165e-01
 -1.0147041e+00
  6.8711191e-01
  5.9991193e-01
 -7.5922678e-03
 -1.7175534e+00
 -5.9216721e-03
 -6.3950747e-01
  7.9408519e-02
 -4.1794872e-01
 -5.1023573e-01
 -1.8886092e-01
 -1.8355632e-01
 -8.8823998e-01
  7.7299660e-01
  7.4353509e-02
 -1.4084779e+00
 -2.9010972e-01
  4.6564546e-01
  7.7430409e-01
 -7.1174848e-01
  5.0273228e-01
  5.3156066e-01
 -2.8076315e-01
 -4.2659912e+00
 -3.3466094e+00
 -4.3546069e-02
 -2.3443724e-01
 -3.4350920e+00
  2.7969501e+00
 -9.9080467e-01
  5.7828969e-01
 -1.3071504e+00
  2.3508499e+00
  1.5236592e+00
  5.1222243e-03
  3.0913240e-01
 -2.5866001e+00
  6.5971375e-01
 -2.7395907e-01
  1.1372318e+00
  1.5653613e+00
  8.5598505e-01
  1.3483148e+00
  6.8715769e-01
 -1.1019567e+00
  2.5142243e+00
  1.2326026e+00
  2.0677626e+00
  6.3720196e-02
 -1.6904248e-02
  6.7868781e-01
  1.0470955e+00
  1.5370861e+00
  2.0858708e-01
  3.6303321e-01
  8.1871176e-01
 -1.0480098e+00
  6.2742907e-01
  1.0186583e-01
  5.1575160e-01
 -9.2386627e-01
  9.1668028e-01
  1.5436170e+00
 -7.6693185e-02
 -3.0780036e+00
  1.3082454e+00
 -1.1906308e+00
 -1.2191715e-01
 -2.3709321e+00
  1.0620058e+00
  5.1692881e-02
 -1.7119323e+00
 -1.9500276e+00
 -1.1373743e-01
  2.3703650e-02
  6.3091099e-01
  4.2390060e-01
  2.8355153e+00
  1.6866210e+00
 -1.4069368e+00
  1.4185638e+00
  3.1459768e+00
  1.4583097e+00
 -1.6508806e+00
 -2.8040655e+00
 -7.4438393e-01
 -1.2204113e+00
  8.8360637e-01
  5.9388375e-01
 -1.5848625e+00
 -9.9415201e-01
  1.7421972e+00
 -2.2262533e+00
  1.6742069e+00
  1.9792894e+00
 -5.1788497e-01
  4.6021822e-01
 -2.8298584e-01
 -5.5226415e-02
  2.8445643e-01
 -7.9207021e-01
 -5.9148794e-01
  5.3101856e-01
 -2.9693961e-01
 -2.7807202e+00
  1.0161065e+00
  4.9772069e-01
 -6.0430753e-01
  5.2461678e-01
  2.2783613e+00
  7.3667294e-01
 -1.4897469e+00
  6.1565185e-01
  1.4675757e+00
 -1.2383913e-01
 -1.7911645e+00
  5.9914237e-01
  1.3318647e+00
 -6.2091184e-01
  1.7308229e-01
 -1.5864341e+00
 -6.6262702e-03
  2.1520765e+00
  4.2085075e-01
 -1.2841276e+00
  1.1947571e+00
 -1.4842552e+00
 -2.0701084e-01
  8.1012344e-01
 -2.2800081e+00
 -1.4383970e+00
  5.7147330e-01
  1.2892578e+00
  7.2749168e-01
  2.3535330e-02
 -1.1175137e+00
  4.4918495e-01
  2.0468750e+00
 -2.6121652e-01
 -1.3611661e-02
 -1.2857009e+00
  2.1767650e+00
  2.7548277e-01
 -1.9344615e+00
 -1.1754496e+00
  8.7452825e-04
 -1.0171216e-01
  1.7481048e-02
  1.1395011e+00
  2.7150910e+00
 -7.9283640e-02
 -5.3913414e-01
 -2.5523517e-01
  1.2037792e+00
 -7.9768527e-01
  1.8694451e+00
 -2.0898290e+00
  1.2572138e+00
 -8.1178826e-01
 -4.6750161e-01
  7.9543012e-01
  5.4902709e-01
 -1.4653904e+00
 -1.3516452e+00
 -1.0928830e+00
  1.0113537e+00
  2.2103446e-02
 -1.8041090e+00
 -2.5607061e+00
 -4.0752923e-01
  8.9648187e-01
  6.4452016e-01
  1.0773809e-01
 -4.1475274e-02
 -3.6607847e-01
 -1.3651648e-02
 -1.7731639e+00
 -2.1251066e+00
  3.6104900e-01
  8.2634902e-01
  2.9745345e+00
 -3.7255943e-01
 -8.6814785e-01
  3.4894359e+00
  9.0213650e-01
 -1.1106132e+00
  1.3948823e+00
 -3.0117738e+00
  2.4410648e+00
  1.9233979e+00
 -2.8357336e-01
 -1.7775578e+00
  1.4865400e+00
 -2.1310828e+00
  5.0627708e+00
  1.8759778e+00
  2.3152790e+00
 -1.0283816e+00
 -6.0273957e-01
  1.1242877e+00
  4.9442786e-01
  1.4625862e-01
  1.8622535e+00
  2.6807632e+00
 -1.2022644e-01
 -4.8493716e-01
 -1.0893842e+00
  6.9250274e-01
  1.2799044e-01
 -3.7354735e-01
  1.4896550e+00
  1.3020573e+00
 -4.0176821e-01
  2.7784261e-01
  6.4711258e-02
  4.9393857e-01
 -1.4526803e+00
  9.4189607e-02
  3.5758209e-01
 -2.0054553e-01
  1.3349692e+00
 -5.3605914e-01
  2.8623893e+00
 -1.6141843e+00
  2.8633672e-01
 -1.3093592e+00
  3.3554091e+00
 -4.8849873e-02
 -5.4931726e-02
  3.2865939e+00
  1.8018737e-01
  1.2796657e+00
 -1.0527573e+00
 -1.2404516e+00
 -7.7384591e-01
 -2.0501108e+00
  2.9660901e-01
 -3.7561898e+00
  1.2962303e+00
 -2.9292712e-01
  1.3556211e+00
  1.4877702e+00
 -2.9256113e+00
 -3.8413146e-01
 -1.9697949e+00
 -2.7379172e+00
  1.0049286e+00
  2.3607655e+00
 -1.3984338e+00
 -1.3309031e+00
  5.8160329e-01
  5.7757473e-01
  1.7407486e+00
  5.6618351e-01
  1.8098732e+00
 -1.7535874e+00
 -2.5394014e-01
  1.0857618e+00
 -1.1551524e+00
 -6.4143199e-01
 -1.1864344e+00
 -1.3623723e+00
  1.3930854e-01
 -5.0941968e-01
  1.4036034e+00
 -2.1348045e+00
  1.2948917e-01
 -7.1020663e-01
 -6.9146633e-01
 -1.3963326e+00
 -4.7943252e-01
 -1.8859859e+00
 -2.2290953e-01
  4.1707638e-01
  1.3188766e+00
  1.4441743e+00
 -3.3499343e+00
  6.3542724e-01
 -1.8777688e-03
 -4.9308404e-01
 -3.7348235e-01
  1.9719441e+00
  9.5039107e-02
 -1.1080059e+00
  6.3412871e+00
 -1.4332701e+00
  1.1442623e+00
 -2.3453906e+00
  9.6921837e-01
  4.1039209e+00
  9.8568523e-01
 -2.2530947e+00
 -6.7592251e-01
  4.7192931e-01
 -4.0215135e-02
 -3.9618256e+00
  3.6507523e+00
  6.3913870e-01
 -1.1473536e+00
 -2.1874990e+00
 -1.2663823e+00
  2.2028041e+00
  7.9685777e-01
  1.6276273e-01
 -7.5549072e-01
  1.1793187e+00
 -4.3089873e-01
 -5.0413108e-01
  6.0811764e-01
 -1.0336589e+00
  3.2356903e-01
  8.3345121e-01
  7.7628487e-01
  5.7867918e-02
 -6.7968450e-02
 -5.5584673e-02
 -1.5908155e+00
  1.7390325e+00
  3.3397913e-02
 -5.1562315e-01
 -6.8784374e-01
  1.2145766e+00
  2.6772812e-01
 -4.8056132e-01
 -4.2270276e-01
  6.2064064e-01
 -1.1592445e+00
  7.8373230e-01
 -2.6189661e-01
 -8.7910396e-01
 -2.7641428e-01
  5.1619661e-01
  1.2800739e+00
  1.9238070e-02
  2.3205183e-01
  9.5439118e-01
 -2.1116331e+00
  4.3928239e-02
 -4.7785175e-01
  2.4920483e-01
  7.3952258e-01
 -3.5127652e+00
 -2.8591475e+00
 -1.3507137e+00
  7.8021801e-01
  1.1594864e+00
  1.4573385e+00
  3.1494033e+00
 -4.4317621e-01
  8.5004014e-01
  1.4530735e+00
  1.3630606e+00
 -2.4286532e+00
  6.6637203e-02
 -7.7577573e-01
 -7.1417969e-01
  2.2716405e+00
 -1.9603456e+00
 -2.3762703e+00
  1.4122555e+00
 -2.3677716e+00
 -2.1026316e+00
  8.8886201e-01
  5.0881797e-01
  8.1722641e-01
 -1.6101780e+00
  6.0429180e-01
  1.7380834e+00
 -1.5970964e+00
 -9.6292865e-01
 -5.1769453e-01
 -2.7050632e-01
  1.5202079e+00
  3.4737691e-02
 -3.2862753e-01
  1.0282334e+00
  2.5470903e+00
 -1.0047419e+00
 -1.1009665e+00
  6.2244749e-01
 -4.6800189e+00
  7.8196935e-03
 -3.6198822e-01
 -1.2996145e+00
 -1.3547421e+00
  1.2339275e+00
 -8.8008505e-01
  1.9022740e+00
 -4.6403747e+00
  3.7866566e-01
 -1.2084119e+00
  4.8027885e-01
 -1.3228999e+00
  1.0994051e-01
 -5.5723907e-03
  1.1176407e-02
  1.2370070e+00
  7.6029879e-01
 -3.5460698e-03
 -6.6611332e-01
 -8.9673096e-01
 -1.0985383e+00
 -3.4217169e+00
  1.2538013e+00
 -7.6353258e-01
  2.9378378e+00
 -4.5676228e-02
 -2.5071272e-01
  1.2789677e+00
 -7.3897177e-01
  3.4805503e-01
  1.6105953e-01
  3.3481550e+00
 -1.1727256e-01
  1.3947535e-01
 -1.9960755e+00
 -1.0095640e+00
  1.6660542e+00
 -4.3456566e-01
 -2.5188702e-03
  2.4324658e+00
  1.9281679e+00
 -7.9150474e-01
  4.1101757e-01
  3.3167103e-01
  8.4430121e-02
  1.0170656e+00
  1.0531670e+00
 -2.5288922e-01
  4.8669833e-03
  4.8669833e-03
  4.8669833e-03
  4.8669833e-03
  4.8669833e-03
  4.8669833e-03
  4.8669833e-03
  4.8669833e-03
  4.8669833e-03
  2.1515388e-02
  2.1515388e-02
  2.1515388e-02
  2.1515388e-02
  2.1515388e-02
  2.1515388e-02
  2.1515388e-02
  2.1515388e-02
  2.1515388e-02
  8.1631290e-03
  8.1631290e-03
  8.1631290e-03
  8.1631290e-03
  8.1631290e-03
  8.1631290e-03
  8.1631290e-03
  8.1631290e-03
  8.1631290e-03
  9.3033565e-03
  9.3033565e-03
  9.3033565e-03
  9.3033565e-03
  9.3033565e-03
  9.3033565e-03
  9.3033565e-03
  9.3033565e-03
  9.3033565e-03
  5.7838666e-03
  5.7838666e-03
  5.7838666e-03
  5.7838666e-03
  5.7838666e-03
  5.7838666e-03
  5.7838666e-03
  5.7838666e-03
  5.7838666e-03
  2.0724502e-03
  2.0724502e-03
  2.0724502e-03
  2.0724502e-03
  2.0724502e-03
  2.0724502e-03
  2.0724502e-03
  2.0724502e-03
  2.0724502e-03
